ID Number,Name,Fed,Sex,Tit,WTit,OTit,Rating,Gms,B-day
1503014,"Carlsen, Magnus",NOR,M,GM,,,2833,0,1990
2016192,"Nakamura, Hikaru",USA,M,GM,,,2802,0,1987
46616543,Gukesh D,IND,M,GM,,,2787,13,2006
2020009,"Caruana, Fabiano",USA,M,GM,,,2783,13,1992
35009192,Erigaisi Arjun,IND,M,GM,,,2777,13,2003
14204118,"Abdusattorov, Nodirbek",UZB,M,GM,,,2773,13,2004
8603405,"Wei, Yi",CHN,M,GM,,,2760,15,1999
25059530,Praggnanandhaa R,IND,M,GM,,,2758,13,2005
12573981,"Firouzja, Alireza",FRA,M,GM,,,2757,2,2003
4168119,"Nepomniachtchi, Ian",RUS,M,GM,,,2753,2,1990
13401319,"Mamedyarov, Shakhriyar",AZE,M,GM,,,2748,12,1985
13300474,"Aronian, Levon",USA,M,GM,,,2748,2,1982
5202213,"So, Wesley",USA,M,GM,,,2748,4,1993
5000017,"Anand, Viswanathan",IND,M,GM,,,2743,2,1969
3503240,"Dominguez Perez, Leinier",USA,M,GM,,,2741,0,1983
24130737,"Fedoseev, Vladimir",SLO,M,GM,,,2739,14,1995
12401137,"Le, Quang Liem",VIE,M,GM,,FST,2739,0,1991
1170546,"Duda, Jan-Krzysztof",POL,M,GM,,,2739,0,1998
24116068,"Giri, Anish",NED,M,GM,,,2737,15,1994
8603677,"Ding, Liren",CHN,M,GM,,,2734,0,1992
2093596,"Niemann, Hans Moke",USA,M,GM,,,2734,0,2003
5072786,"Aravindh, Chithambaram VR.",IND,M,GM,,,2731,2,1999
623539,"Vachier-Lagrave, Maxime",FRA,M,GM,,,2725,2,1990
5029465,"Vidit, Santosh Gujrathi",IND,M,GM,,,2720,2,1994
12940690,"Keymer, Vincent",GER,M,GM,,,2719,14,2004
2900084,"Topalov, Veselin",BUL,M,GM,,,2717,0,1975
8603820,"Yu, Yangyi",CHN,M,GM,,,2714,2,1994
738590,"Rapport, Richard",HUN,M,GM,,,2713,8,1996
14205483,"Sindarov, Javokhir",UZB,M,GM,,,2707,4,2005
5007003,"Harikrishna, Pentala",IND,M,GM,,,2704,17,1986
24126055,"Dubov, Daniil",RUS,M,GM,,,2701,0,1996
8602883,"Wang, Hao",CHN,M,GM,,,2701,0,1989
4102142,"Svidler, Peter",FID,M,GM,,,2698,2,1976
4158814,"Andreikin, Dmitry",FID,M,GM,,,2695,0,1990
13400924,"Radjabov, Teimour",AZE,M,GM,,,2692,6,1987
2040506,"Sevian, Samuel",USA,M,GM,,,2692,0,2000
1226380,"Deac, Bogdan-Daniel",ROU,M,GM,,,2692,0,2001
24175439,"Esipenko, Andrey",FID,M,GM,,,2691,8,2002
24133795,"Sarana, Alexey",SRB,M,GM,,,2689,19,2000
2023970,"Robson, Ray",USA,M,GM,,,2689,0,1994
24101605,"Artemiev, Vladislav",RUS,M,GM,,,2688,9,1998
25092340,Nihal Sarin,IND,M,GM,,,2687,0,2004
4126025,"Grischuk, Alexander",RUS,M,GM,,,2687,0,1983
8601445,"Bu, Xiangzhi",CHN,M,GM,,,2684,0,1985
2056437,"Liang, Awonder",USA,M,GM,,,2684,11,2003
12539929,"Maghsoodloo, Parham",IRI,M,GM,,,2677,9,2000
358878,"Nguyen, Thai Dai Van",CZE,M,GM,,,2677,15,2001
1039784,"Van Foreest, Jorden",NED,M,GM,,,2676,15,1999
14200244,"Kasimdzhanov, Rustam",UZB,M,GM,,,2675,1,1979
14204223,"Vokhidov, Shamsiddin",UZB,M,GM,,,2670,0,2002
2004887,"Shankland, Sam",USA,M,GM,,,2670,0,1991
12521213,"Tabatabaei, M. Amin",IRI,M,GM,,,2669,3,2001
4152956,"Vitiugov, Nikita",ENG,M,GM,,,2668,1,1987
410608,"Howell, David W L",ENG,M,GM,,,2668,0,1990
14102951,"Eljanov, Pavel",UKR,M,GM,,,2666,9,1983
13306766,"Sargsyan, Shant",ARM,M,GM,,,2666,9,2002
703303,"Leko, Peter",HUN,M,GM,,,2666,0,1979
240990,"Dardha, Daniel",BEL,M,GM,,,2665,12,2005
35093487,"Sadhwani, Raunak",IND,M,GM,,,2664,4,2005
2285525,"Anton Guijarro, David",ESP,M,GM,,,2663,4,1995
400041,"Adams, Michael",ENG,M,GM,,,2663,8,1971
309095,"Navara, David",CZE,M,GM,,,2663,13,1985
24125890,"Oparin, Grigoriy",USA,M,GM,,,2660,0,1997
1118358,"Wojtaszek, Radoslaw",POL,M,GM,,,2659,4,1987
44155573,"Murzin, Volodar",FID,M,GM,,,2658,18,2006
712779,"Gledura, Benjamin",HUN,M,GM,,,2658,1,1999
13401653,"Mamedov, Rauf",AZE,M,GM,,,2657,8,1988
1512668,"Christiansen, Johan-Sebastian",NOR,M,GM,,,2657,1,1998
4116992,"Morozevich, Alexander",RUS,M,GM,,,2656,0,1977
24131423,"Yuffa, Daniil",ESP,M,GM,,,2654,0,1997
14203987,"Yakubboev, Nodirbek",UZB,M,GM,,,2654,13,2002
12923044,"Svane, Frederik",GER,M,GM,,,2654,15,2004
409561,"Jones, Gawain C B",ENG,M,GM,,,2654,0,1987
14129574,"Shevchenko, Kirill",ROU,M,GM,,,2653,0,2002
4135539,"Alekseenko, Kirill",AUT,M,GM,,,2653,1,1997
14508150,"Saric, Ivan",CRO,M,GM,,FT,2652,6,1990
13306553,"Martirosyan, Haik M.",ARM,M,GM,,,2652,9,2000
2805677,"Gelfand, Boris",ISR,M,GM,,,2652,2,1968
2209390,"Shirov, Alexei",ESP,M,GM,,,2652,2,1972
5074452,"Karthikeyan, Murali",IND,M,GM,,,2651,0,1999
911925,"Indjic, Aleksandar",SRB,M,GM,,,2651,4,1995
4162722,"Inarkiev, Ernesto",RUS,M,GM,,FT,2650,0,1985
12909572,"Kollars, Dmitrij",GER,M,GM,,,2649,3,1999
2905540,"Cheparinov, Ivan",BUL,M,GM,,FST,2646,0,1986
10601457,"Amin, Bassem",EGY,M,GM,,FT,2645,11,1988
1710400,"Grandelius, Nils",SWE,M,GM,,,2644,2,1993
35028561,"Mendonca, Leon Luke",IND,M,GM,,,2643,13,2006
24651516,"Bluebaum, Matthias",GER,M,GM,,,2643,3,1997
4120787,"Malakhov, Vladimir",FID,M,GM,,FST,2642,0,1980
24107581,"Predke, Alexandr",SRB,M,GM,,,2640,9,1994
8601429,"Wang, Yue",CHN,M,GM,,,2640,0,1987
2205530,"Vallejo Pons, Francisco",ESP,M,GM,,FT,2638,0,1982
4118987,"Najer, Evgeniy",FID,M,GM,,FST,2637,0,1977
1444948,"Bjerre, Jonas Buhl",DEN,M,GM,,,2637,3,2004
605506,"Bacrot, Etienne",FRA,M,GM,,,2637,9,1983
13302485,"Melkumyan, Hrant",ARM,M,GM,,,2636,0,1989
5061245,"Puranik, Abhimanyu",IND,M,GM,,,2636,0,2000
2047640,"Xiong, Jeffery",USA,M,GM,,,2636,0,2000
13306677,"Hakobyan, Aram",ARM,M,GM,,,2635,0,2001
14105730,"Korobov, Anton",UKR,M,GM,,,2634,8,1985
14109182,"Kryvoruchko, Yuriy",UKR,M,GM,,,2633,0,1986
13413937,"Suleymanli, Aydin",AZE,M,GM,,,2633,17,2005
8602980,"Hou, Yifan",CHN,F,GM,WGM,,2633,0,1994
12401110,"Nguyen, Ngoc Truong Son",VIE,M,GM,,,2632,0,1990
8603154,"Ma, Qun",CHN,M,GM,,,2632,9,1991
9301348,"Salem, A.R. Saleh",UAE,M,GM,,,2631,0,1993
4189302,"Sjugirov, Sanan",HUN,M,GM,,,2631,9,1993
13302507,"Hovhannisyan, Robert",ARM,M,GM,,,2630,0,1991
4650891,"Naiditsch, Arkadij",BUL,M,GM,,,2630,0,1985
1048104,"Warmerdam, Max",NED,M,GM,,,2630,17,2000
4108116,"Chigaev, Maksim",ESP,M,GM,,,2629,7,1996
14107090,"Volokitin, Andrei",UKR,M,GM,,,2628,8,1986
14103320,"Ponomariov, Ruslan",UKR,M,GM,,,2628,0,1983
13300881,"Sargissian, Gabriel",ARM,M,GM,,,2628,0,1983
24603295,"Donchenko, Alexander",GER,M,GM,,,2627,3,1998
4657101,"Svane, Rasmus",GER,M,GM,,,2627,6,1997
2293307,"Santos Latasa, Jaime",ESP,M,GM,,FI,2627,2,1996
14603853,"Lenic, Luka",SLO,M,GM,,,2626,0,1988
4201345,"Papaioannou, Ioannis",GRE,M,GM,,FT,2626,0,1976
8604436,"Li, Chao b",CHN,M,GM,,,2624,0,1989
8608288,"Xu, Xiangyu",CHN,M,GM,,,2623,0,1999
4168003,"Matlakov, Maxim",RUS,M,GM,,,2623,0,1991
2806851,"Rodshtein, Maxim",ISR,M,GM,,,2623,5,1989
36083534,"Maurizzi, Marc`Andria",FRA,M,GM,,,2622,10,2007
5058422,Narayanan S L,IND,M,GM,,,2622,0,1998
950122,"Ivic, Velimir",SRB,M,GM,,,2622,2,2002
1510045,"Tari, Aryan",NOR,M,GM,,,2621,0,1999
1112635,"Bartel, Mateusz",POL,M,GM,,,2621,4,1985
44507356,"Gurel, Ediz",TUR,M,GM,,,2620,13,2008
5084423,Aryan Chopra,IND,M,GM,,,2620,0,2001
12510130,"Idani, Pouya",IRI,M,GM,,,2619,4,1995
4194985,"Paravyan, David",FID,M,GM,,,2619,9,1998
4160258,"Demchenko, Anton",SLO,M,GM,,,2619,0,1987
8603332,"Lu, Shanglei",CHN,M,GM,,,2618,0,1995
13402129,"Safarli, Eltaj",AZE,M,GM,,,2617,15,1992
1400355,"Nielsen, Peter Heine",DEN,M,GM,,,2617,2,1973
1007998,"L'Ami, Erwin",NED,M,GM,,,2616,17,1985
25060783,"Pranav, V",IND,M,GM,,,2615,0,2006
662399,"Lagarde, Maxime",FRA,M,GM,,,2615,9,1994
404853,"McShane, Luke J",ENG,M,GM,,,2615,2,1984
24650684,"Wagner, Dennis",GER,M,GM,,,2614,4,1997
4170350,"Popov, Ivan",RUS,M,GM,,,2613,0,1990
2809052,"Nabaty, Tamir",ISR,M,GM,,,2613,0,1991
110973,"Pichot, Alan",ESP,M,GM,,,2613,0,1998
13402960,"Abasov, Nijat",AZE,M,GM,,FST,2612,2,1995
13402935,"Durarbayli, Vasif",AZE,M,GM,,,2612,2,1992
13302531,"Ter-Sahakyan, Samvel",ARM,M,GM,,,2611,0,1993
4262875,"Theodorou, Nikolas",GRE,M,GM,,,2611,0,2000
728446,"Balog, Imre",HUN,M,GM,,,2610,0,1991
12576468,"Daneshvar, Bardiya",IRI,M,GM,,,2609,9,2006
2606771,"Hansen, Eric",CAN,M,GM,,,2609,0,1992
14114038,"Onyshchuk, Volodymyr",UKR,M,GM,,,2607,7,1991
13900048,"Bologan, Victor",MDA,M,GM,,FST,2607,2,1971
2000024,"Kamsky, Gata",USA,M,GM,,,2607,2,1974
718572,"Berkes, Ferenc",HUN,M,GM,,,2607,0,1985
3805662,"Martinez Alcantara, Jose Eduardo",MEX,M,GM,,,2606,0,1999
44599790,"Erdogmus, Yagiz Kaan",TUR,M,GM,,,2605,4,2011
14100010,"Ivanchuk, Vasyl",UKR,M,GM,,,2604,9,1969
2802007,"Sutovsky, Emil",ISR,M,GM,,,2604,4,1977
1503707,"Hammer, Jon Ludvig",NOR,M,GM,,,2604,0,1990
14112906,"Kuzubov, Yuriy",UKR,M,GM,,,2603,7,1990
14109530,"Areshchenko, Alexander",UKR,M,GM,,,2602,1,1986
4625498,"Gustafsson, Jan",GER,M,GM,,FST,2602,4,1979
14120828,"Bortnyk, Olexandr",UKR,M,GM,,,2601,0,1996
1000268,"Van Wely, Loek",NED,M,GM,,FST,2601,5,1972
753246,"Kozak, Adam",HUN,M,GM,,,2601,0,2002
30920019,"Mishra, Abhimanyu",USA,M,GM,,,2600,0,2009
8601674,"Zhou, Weiqi",CHN,M,GM,,,2600,0,1986
4675789,"Meier, Georg",URU,M,GM,,,2600,4,1987
4121830,"Motylev, Alexander",ROU,M,GM,,FST,2600,9,1979
813192,"Vocaturo, Daniele",ITA,M,GM,,FT,2600,0,1989
2257327,"Salgado Lopez, Ivan",ESP,M,GM,,FST,2599,0,1991
14926970,"Pechac, Jergus",SVK,M,GM,,,2598,13,2001
12401153,"Le, Tuan Minh",VIE,M,GM,,FT,2598,0,1996
5804418,"Tin, Jingyao",SGP,M,GM,,,2597,9,2000
3409350,"Henriquez Villagra, Cristobal",CHI,M,GM,,,2597,0,1996
4667719,"Baramidze, David",GER,M,GM,,,2596,2,1988
4300033,"Cheng, Bobby",AUS,M,GM,,,2596,9,1997
2101246,"Leitao, Rafael",BRA,M,GM,,FT,2596,0,1979
1207822,"Lupulescu, Constantin",ROU,M,GM,,,2596,9,1984
921637,"Markus, Robert",SRB,M,GM,,,2596,4,1983
13300032,"Akopian, Vladimir",USA,M,GM,,FST,2595,0,1971
22291482,"Santos Ruiz, Miguel",ESP,M,GM,,,2594,0,1999
2200015,"Illescas Cordoba, Miguel",ESP,M,GM,,,2594,0,1965
24198455,"Nesterov, Arseniy",FID,M,GM,,,2593,9,2003
4198603,"Shimanov, Aleksandr",RUS,M,GM,,,2593,0,1992
3802272,"Cori, Jorge",PER,M,GM,,FT,2593,0,1995
310204,"Movsesian, Sergei",ARM,M,GM,,FT,2593,5,1978
1017063,"Bok, Benjamin",NED,M,GM,,,2592,14,1995
642908,"Moussard, Jules",FRA,M,GM,,,2592,12,1995
1188062,"Gumularz, Szymon",POL,M,GM,,,2591,9,2001
916811,"Solak, Dragan",TUR,M,GM,,,2591,0,1980
608742,"Fressinet, Laurent",FRA,M,GM,,,2591,3,1981
503142,"Nyback, Tomi",FIN,M,GM,,,2591,5,1985
112275,"Mareco, Sandro",ARG,M,GM,,FST,2591,0,1987
14506688,"Brkic, Ante",CRO,M,GM,,FT,2590,4,1988
14400030,"Sokolov, Ivan",NED,M,GM,,FST,2590,0,1968
4148843,"Romanov, Evgeny",MKD,M,GM,,,2590,2,1988
4100107,"Dreev, Aleksey",RUS,M,GM,,FST,2590,0,1969
24604747,"Huschenbeth, Niclas",GER,M,GM,,,2589,3,1992
30909694,"Yoo, Christopher Woojin",USA,M,GM,,,2588,0,2006
4101286,"Petrov, Nikita",MNE,M,GM,,,2588,17,1996
4663527,"Braun, Arik",GER,M,GM,,,2586,2,1988
4150120,"Lysyj, Igor",FID,M,GM,,FST,2586,0,1987
4173708,"Rakhmanov, Aleksandr",FID,M,GM,,FT,2585,0,1989
1413864,"Andersen, Mads",DEN,M,GM,,,2585,7,1995
316385,"Laznicka, Viktor",CZE,M,GM,,,2585,0,1988
35028600,Pranesh M,IND,M,GM,,,2584,9,2006
13409301,"Muradli, Mahammad",AZE,M,GM,,,2584,6,2003
1202758,"Nisipeanu, Liviu-Dieter",ROU,M,GM,,,2584,11,1976
2070901,"Burke, John M",USA,M,GM,,,2583,9,2001
11600454,"Fridman, Daniel",GER,M,GM,,,2582,6,1976
3901211,"Iturrizaga Bonelli, Eduardo",ESP,M,GM,,,2582,4,1989
1610856,"Ragger, Markus",AUT,M,GM,,,2581,4,1988
1304364,"Milov, Vadim",SUI,M,GM,,,2581,4,1972
8603537,"Zhou, Jianchao",USA,M,GM,,,2580,9,1988
4221990,"Kourkoulos-Arditis, Stamatis",GRE,M,GM,,,2580,0,1998
722413,"Banusz, Tamas",HUN,M,GM,,,2580,3,1989
12803731,"Laurusas, Tomas",LTU,M,GM,,,2579,6,1996
2099438,"Hong, Andrew",USA,M,GM,,,2579,0,2004
616915,"Gozzoli, Yannick",FRA,M,GM,,FST,2579,8,1983
13601520,"Jobava, Baadur",GEO,M,GM,,,2578,0,1983
13300857,"Petrosyan, Manuel",ARM,M,GM,,,2578,0,1998
1700022,"Hellers, Ferdinand",SWE,M,GM,,,2578,0,1969
5010608,"Gupta, Abhijeet",IND,M,GM,,,2577,2,1989
4671910,"Kraemer, Martin",GER,M,GM,,,2577,4,1987
1130420,"Piorun, Kacper",POL,M,GM,,,2577,0,1991
6302718,"Yilmaz, Mustafa",TUR,M,GM,,,2576,0,1992
4111990,"Khanin, Semen",FID,M,GM,,,2576,0,1999
13400819,"Mamedov, Nidjat",AZE,M,GM,,,2575,4,1985
8603847,"Zeng, Chongsheng",CHN,M,GM,,,2574,17,1993
4212312,"Pavlidis, Antonios",GRE,M,GM,,,2574,6,1993
14928752,"Gazik, Viktor",SVK,M,GM,,,2573,8,2001
1500015,"Agdestein, Simen",NOR,M,GM,,,2573,0,1967
14100142,"Kruppa, Yuri",UKR,M,GM,,,2572,0,1964
13515110,"Lazavik, Denis",BLR,M,GM,,,2572,0,2006
13301527,"Gharamian, Tigran",FRA,M,GM,,,2572,0,1984
8602956,"Wen, Yang",CHN,M,GM,,FST,2572,0,1988
5002150,"Ganguly, Surya Shekhar",IND,M,GM,,,2572,0,1983
2210622,"Perez Candelario, Manuel",ESP,M,GM,,FT,2572,4,1983
200930,"Gurevich, Mikhail",BEL,M,GM,,FST,2572,1,1959
14117207,"Baryshpolets, Andrey",UKR,M,GM,,,2571,0,1991
11601388,"Neiksans, Arturs",LAT,M,GM,,FT,2571,6,1983
8607508,"Li, Di",CHN,M,GM,,,2571,0,1999
4107012,"Antipov, Mikhail Al.",USA,M,GM,,FT,2571,0,1997
2000059,"Christiansen, Larry",USA,M,GM,,,2571,0,1956
30901561,"Jacobson, Brandon",USA,M,GM,,,2570,0,2003
5045207,"Ghosh, Diptayan",IND,M,GM,,,2570,11,1998
3700488,"Bachmann, Axel",PAR,M,GM,,,2570,0,1989
3509362,"Quesada Perez, Yasser",CUB,M,GM,,,2570,0,1992
895733,"Sonis, Francesco",ITA,M,GM,,,2570,0,2002
14118084,"Nyzhnyk, Illya",UKR,M,GM,,,2569,0,1996
8602280,"Bai, Jinshi",CHN,M,GM,,,2569,0,1999
4152417,"Oleksiyenko, Mykhaylo",UKR,M,GM,,,2569,0,1986
2815532,"Gorshtein, Ido",ISR,M,GM,,,2569,4,2002
1126881,"Swiercz, Dariusz",USA,M,GM,,,2569,0,1994
14102560,"Moiseenko, Alexander",UKR,M,GM,,,2568,0,1980
5045185,"Vaibhav, Suri",IND,M,GM,,,2568,0,1997
1107038,"Socko, Bartosz",POL,M,GM,,,2568,12,1978
930849,"Predojevic, Borki",BIH,M,GM,,FT,2568,7,1987
46634827,Bharath Subramaniyam H,IND,M,GM,,,2567,0,2007
25002767,"Iniyan, Pa",IND,M,GM,,,2567,27,2002
8600970,"Zhang, Pengxiang",CHN,M,GM,,,2567,0,1980
1001302,"Reinderman, Dimitri",NED,M,GM,,DI,2566,1,1972
25006479,Karthik Venkataraman,IND,M,GM,,,2565,18,1999
14907526,"Michalik, Peter",CZE,M,GM,,,2564,6,1990
13300580,"Akobian, Varuzhan",USA,M,GM,,,2564,0,1983
3507416,"Bacallao Alonso, Yusnel",CUB,M,GM,,,2564,0,1988
2804158,"Roiz, Michael",ISR,M,GM,,,2564,1,1983
2107660,"Mekhitarian, Krikor Sevag",BRA,M,GM,,,2564,9,1986
1185934,"Teclaf, Pawel",POL,M,GM,,,2564,2,2003
14107201,"Efimenko, Zahar",UKR,M,GM,,,2563,3,1985
14101866,"Ovsejevitsch, Sergei",UKR,M,GM,,,2563,0,1977
12809390,"Pultinevicius, Paulius",LTU,M,GM,,,2563,4,2001
751499,"Kantor, Gergely",HUN,M,GM,,,2563,2,1999
708020,"Acs, Peter",HUN,M,GM,,,2563,4,1981
14531534,"Livaic, Leon",CRO,M,GM,,,2562,4,2000
13600966,"Mchedlishvili, Mikheil",GEO,M,GM,,FT,2562,5,1979
6302181,"Can, Emre",TUR,M,GM,,,2562,0,1990
6300014,"Dastan, Muhammed Batuhan",TUR,M,GM,,,2562,0,1997
4146786,"Maletin, Pavel",RUS,M,GM,,,2562,0,1986
1124668,"Tomczak, Jacek",POL,M,GM,,,2562,6,1990
14505959,"Jankovic, Alojzije",CRO,M,GM,,,2561,0,1983
8603006,"Ju, Wenjun",CHN,F,GM,WGM,,2561,0,1991
3518736,"Albornoz Cabrera, Carlos Daniel",CUB,M,GM,,,2561,10,2000
1003720,"Van den Doel, Erik",NED,M,GM,,,2561,3,1979
24164879,"Lomasov, Semyon",ISR,M,GM,,,2560,0,2002
1438832,"Thybo, Jesper Sondergaard",DEN,M,GM,,,2560,2,1999
5201268,"Sadorra, Julio Catalino",PHI,M,GM,,FT,2559,0,1986
4623606,"Dautov, Rustem",GER,M,GM,,,2559,3,1965
3503739,"Bruzon Batista, Lazaro",USA,M,GM,,,2559,8,1982
2226332,"Ibarra Jerez, Jose Carlos",ESP,M,GM,,,2559,0,1985
1007246,"Smeets, Jan",NED,M,GM,,FST,2559,1,1985
884189,"Lodici, Lorenzo",ITA,M,GM,,,2559,3,2000
105309,"Peralta, Fernando",ARG,M,GM,,,2559,4,1979
14603152,"Borisek, Jure",SLO,M,GM,,,2558,0,1986
14200937,"Gareyev, Timur",NON,M,GM,,,2558,0,1988
13900200,"Iordachescu, Viorel",MDA,M,GM,,,2558,0,1977
14102536,"Fedorchuk, Sergey A.",UKR,M,GM,,,2557,5,1981
14102196,"Baklan, Vladimir",UKR,M,GM,,,2557,9,1978
13504398,"Kovalev, Vladislav",FID,M,GM,,,2557,0,1994
6300545,"Sanal, Vahap",TUR,M,GM,,,2557,0,1998
2106388,"Supi, Luis Paulo",BRA,M,GM,,,2557,0,1996
1122401,"Moranda, Wojciech",POL,M,GM,,,2557,4,1988
14187086,"Samunenkov, Ihor",UKR,M,GM,,,2556,11,2009
13405764,"Asadli, Vugar",AZE,M,GM,,,2556,6,2001
5015693,Gopal G.N.,IND,M,GM,,,2556,0,1989
2801990,"Smirin, Ilia",ISR,M,GM,,,2556,4,1968
613762,"Maze, Sebastien",FRA,M,GM,,,2556,3,1984
34189030,"Grebnev, Aleksey",FID,M,GM,,,2555,0,2006
12961523,"Engel, Luis",GER,M,GM,,,2555,1,2002
8603642,"Tan, Zhongyi",CHN,F,GM,WGM,,2555,9,1991
4157800,"Ponkratov, Pavel",RUS,M,GM,,,2555,0,1988
4115341,"Tregubov, Pavel V.",FRA,M,GM,,,2555,3,1971
865834,"Moroni, Luca Jr",ITA,M,GM,,,2555,1,2000
107069,"Felgaer, Ruben",ARG,M,GM,,,2555,0,1981
5018471,"Adhiban, B.",IND,M,GM,,,2554,0,1992
4618777,"Jussupow, Artur",GER,M,GM,,"FST,AO",2554,9,1960
4180887,"Bocharov, Ivan",RUS,M,GM,,,2554,0,1990
2801795,"Steinberg, Nitzan",ISR,M,GM,,,2554,3,1998
603767,"Bauer, Christian",FRA,M,GM,,,2554,10,1977
13303732,"Gabuzyan, Hovhannes",ARM,M,GM,,,2553,0,1995
26017962,"Laurent-Paoli, Pierre",FRA,M,GM,,,2552,11,2000
14509792,"Martinovic, Sasa",CRO,M,GM,,,2552,2,1991
12908088,"Vogel, Roven",GER,M,GM,,,2552,4,2000
8605114,"Lei, Tingjie",CHN,F,GM,WGM,,2552,0,1997
3702308,"Vazquez, Guillermo",PAR,M,GM,,,2552,0,1997
726265,"Prohaszka, Peter",HUN,M,GM,,FT,2552,2,1992
24171743,"Drygalov, Sergey",RUS,M,GM,,,2551,0,1999
13507443,"Kazakouski, Valery",LTU,M,GM,,,2551,13,2000
13301616,"Petrosian, Tigran L.",ARM,M,GM,,,2551,0,1984
12804444,"Stremavicius, Titas",LTU,M,GM,,,2551,9,1998
4104226,"Sakaev, Konstantin",RUS,M,GM,,,2551,0,1974
2308649,"Stefansson, Vignir Vatnar",ISL,M,GM,,,2551,9,2003
108049,"Flores, Diego",ARG,M,GM,,FT,2551,0,1982
35042025,Aditya Mittal,IND,M,GM,,,2550,0,2006
24249971,"Zemlyanskii, Ivan",RUS,M,GM,,,2550,9,2010
14210703,"Madaminov, Mukhiddin",UZB,M,GM,,,2550,9,2006
14129850,"Matviishen, Viktor",UKR,M,GM,,,2550,9,2002
13413007,"Ahmadzada, Ahmad",AZE,M,GM,,,2550,6,2004
4130804,"Grigoriants, Sergey",HUN,M,GM,,,2550,0,1983
13702661,"Jumabayev, Rinat",KAZ,M,GM,,,2549,9,1989
13301004,"Grigoryan, Karen H.",ARM,M,GM,,,2549,10,1995
4197143,"Demidov, Mikhail",FID,M,GM,,,2549,0,1992
1227190,"Gavrilescu, David",ROU,M,GM,,,2549,11,2003
1006088,"Werle, Jan",NED,M,GM,,,2549,1,1984
633429,"Edouard, Romain",FRA,M,GM,,,2549,2,1990
8603294,"Liu, Qingnan",CHN,M,GM,,,2548,0,1992
5021596,"Sethuraman, S.P.",IND,M,GM,,,2548,11,1993
5004985,"Sasikiran, Krishnan",IND,M,GM,,,2548,0,1981
4147103,"Goryachkina, Aleksandra",FID,F,GM,WGM,,2548,9,1998
4140419,"Timofeev, Artyom",RUS,M,GM,,,2548,0,1985
13302000,"Andriasian, Zaven",ARM,M,GM,,FT,2547,0,1989
2921642,"Petkov, Momchil",BUL,M,GM,,,2547,0,2005
1116207,"Gajewski, Grzegorz",POL,M,GM,,,2547,0,1985
14604299,"Skoberne, Jure",SLO,M,GM,,,2546,0,1987
14400014,"Nikolic, Predrag",BIH,M,GM,,,2546,3,1960
14201801,"Vakhidov, Jakhongir",UZB,M,GM,,,2546,0,1995
634654,"Feller, Sebastien",FRA,M,GM,,FT,2546,0,1991
5097010,Sankalp Gupta,IND,M,GM,,,2545,2,2003
4113403,"Zvjaginsev, Vadim",RUS,M,GM,,,2545,0,1976
2820242,"Sokolovsky, Yahli",ISR,M,GM,,,2545,5,2006
2288230,"Forcen Esteban, Daniel",ESP,M,GM,,,2545,1,1994
1634852,"Dragnev, Valentin",AUT,M,GM,,FT,2545,5,1999
34184934,"Dudin, Gleb",HUN,M,GM,,,2544,10,2004
24624632,"Heimann, Andreas",GER,M,GM,,,2544,1,1992
14114089,"Tarlev, Konstantin",UKR,M,GM,,,2544,0,1987
4155890,"Krivoborodov, Egor",GER,M,GM,,,2544,2,1989
1105663,"Kempinski, Robert",POL,M,GM,,,2544,4,1977
14502569,"Stevic, Hrvoje",CRO,M,GM,,,2543,4,1980
13602250,"Quparadze, Giga",GEO,M,GM,,,2543,8,1987
4202031,"Banikas, Hristos",GRE,M,GM,,,2543,0,1978
14403803,"Kadric, Denis",MNE,M,GM,,,2542,13,1995
14203049,"Kuybokarov, Temur",AUS,M,GM,,,2542,11,2000
8608962,"Liu, Yan",CHN,M,GM,,,2542,0,2000
4692055,"Bogner, Sebastian",SUI,M,GM,,,2542,10,1991
4114060,"Sychev, Klementy",FID,M,GM,,,2542,9,1996
1124552,"Warakomski, Tomasz",POL,M,GM,,,2542,3,1989
718939,"Balogh, Csaba",HUN,M,GM,,,2542,0,1987
113816,"Tristan, Leonardo",ARG,M,GM,,,2542,0,1989
1506102,"Urkedal, Frode Olav Olsen",NOR,M,GM,,,2541,4,1993
14122480,"Vetoshko, Volodymyr",UKR,M,GM,,,2540,7,1998
7200595,"Ziska, Helgi Dam",FAI,M,GM,,,2540,2,1990
4651340,"Buhmann, Rainer",GER,M,GM,,FT,2540,4,1981
4142578,"Khismatullin, Denis",RUS,M,GM,,,2540,0,1984
4169530,"Vavulin, Maxim",GER,M,GM,,,2539,3,1998
706671,"Korpa, Bence",HUN,M,GM,,,2539,0,1998
46626786,Pranav Anand,IND,M,GM,,,2538,0,2006
13602071,"Pantsulaia, Levan",GEO,M,GM,,,2538,9,1986
4132181,"Kokarev, Dmitry",RUS,M,GM,,,2538,0,1982
4119150,"Kobalia, Mikhail",FID,M,GM,,FST,2538,0,1978
2911086,"Petrov, Martin",BUL,M,GM,,FT,2538,4,2000
2804344,"Postny, Evgeny",ISR,M,GM,,,2538,8,1981
1642561,"Horvath, Dominik",AUT,M,GM,,,2538,7,2003
717312,"Antal, Gergely",HUN,M,GM,,FT,2538,7,1985
25012215,Vignesh N R,IND,M,GM,,,2537,0,1998
13707647,"Makhnev, Denis",KAZ,M,GM,,,2537,0,2000
5078776,Harsha Bharathakoti,IND,M,GM,,,2537,0,2000
1910850,"Ferreira, Jorge Viterbo",POR,M,GM,,,2537,4,1994
300071,"Hracek, Zbynek",CZE,M,GM,,FT,2537,2,1970
30953499,"Woodward, Andy",USA,M,GM,,,2536,9,2010
4120086,"Turov, Maxim",RUS,M,GM,,,2536,0,1979
1040634,"Kevlishvili, Robby",NED,M,GM,,,2536,9,2001
1000012,"Timman, Jan H",NED,M,GM,,,2536,1,1951
719978,"Erdos, Viktor",HUN,M,GM,,,2536,2,1987
14108836,"Shkuro, Iuri",UKR,M,GM,,,2535,0,1982
13601652,"Gagunashvili, Merab",GEO,M,GM,,FT,2535,9,1985
4202694,"Mastrovasilis, Dimitrios",GRE,M,GM,,,2535,2,1983
4138716,"Bocharov, Dmitry",RUS,M,GM,,,2535,0,1982
3520773,"Quesada Perez, Luis Ernesto",CUB,M,GM,,,2535,0,1999
2270544,"Alonso Rosell, Alvar",ESP,M,GM,,,2535,0,1992
2087456,"Tiglon, Bryce",USA,M,GM,,,2535,0,2000
2107139,"Fier, Alexandr",BRA,M,GM,,,2534,9,1988
1632051,"Blohberger, Felix",AUT,M,GM,,,2534,6,2002
1303759,"Lampert, Jonas",GER,M,GM,,,2534,1,1997
44144474,"Vetokhin, Savva",FID,M,GM,,,2533,0,2009
3506690,"Corrales Jimenez, Fidel",USA,M,GM,,,2533,13,1987
1533533,"Amar, Elham",NOR,M,GM,,,2533,3,2005
1039792,"Van Foreest, Lucas",NED,M,GM,,,2533,3,2001
912417,"Ivanisevic, Ivan",SRB,M,GM,,,2533,15,1977
13602934,"Paichadze, Luka",GEO,M,GM,,,2532,9,1991
13601865,"Aroshidze, Levan",ESP,M,GM,,,2532,5,1985
11602740,"Meshkovs, Nikita",LAT,M,GM,,,2532,1,1994
8602522,"Zhao, Jun",CHN,M,GM,,FT,2532,0,1986
4500016,"Ehlvest, Jaan",USA,M,GM,,,2532,8,1962
4128737,"Kunin, Vitaly",GER,M,GM,,,2532,5,1983
14109476,"Tukhaev, Adam",UKR,M,GM,,,2531,0,1988
13602926,"Margvelashvili, Giorgi",GEO,M,GM,,,2531,0,1990
5900727,"Kelires, Andreas",GRE,M,GM,,,2531,0,1999
24176460,"Sorokin, Aleksey",RUS,M,GM,,,2530,0,2000
13710427,"Nogerbek, Kazybek",KAZ,M,GM,,,2530,13,2004
2000148,"Wolff, Patrick G",USA,M,GM,,,2530,0,1968
1008013,"Tiviakov, Sergei",NED,M,GM,,,2530,1,1973
14100371,"Bernadskiy, Vitaliy",UKR,M,GM,,,2529,20,1994
2900017,"Georgiev, Kiril",BUL,M,GM,,,2529,2,1965
2059630,"Tang, Andrew",USA,M,GM,,,2529,0,1999
728012,"Mihok, Oliver",HUN,M,GM,,,2529,6,1993
605590,"Fontaine, Robert",SUI,M,GM,,,2529,1,1980
35007394,Raja Rithvik R,IND,M,GM,,,2528,9,2004
5008123,"Koneru, Humpy",IND,F,GM,WGM,,2528,9,1987
4170083,"Matsenko, Sergei",FID,M,GM,,,2528,0,1990
1026356,"Ten Hertog, Hugo",NED,M,GM,,,2528,1,1994
400017,"Nunn, John D M",ENG,M,GM,,,2528,8,1955
117927,"Perez Ponsa, Federico",ARG,M,GM,,,2528,0,1993
8608156,"Dai, Changren",CHN,M,GM,,,2527,0,1999
3509265,"Garcia Pantoja, Roberto",COL,M,GM,,,2527,0,1992
1159259,"Janik, Igor",POL,M,GM,,,2527,5,2000
1046730,"Schoppen, Casper",NED,M,GM,,,2527,2,2002
620084,"Cornette, Matthieu",FRA,M,GM,,,2527,1,1985
4634527,"Handke, Florian, Dr.",GER,M,GM,,,2526,2,1982
30903114,"Guo, Arthur",USA,M,GM,,,2525,0,2006
14206323,"Abdisalimov, Abdimalik",UZB,M,GM,,,2525,9,2002
9000011,"Hamdouchi, Hicham",MAR,M,GM,,FT,2525,0,1972
2812320,"Kobo, Ori",ISR,M,GM,,,2525,3,1997
403989,"Pert, Nicholas",ENG,M,GM,,,2525,0,1981
322156,"Krejci, Jan",CZE,M,GM,,,2525,5,1992
315303,"Zilka, Stepan",CZE,M,GM,,,2525,6,1988
208027,"Ringoir, Tanguy",BEL,M,GM,,,2525,0,1994
24112798,"Gordievsky, Dmitry",RUS,M,GM,,,2524,0,1996
14618583,"Subelj, Jan",SLO,M,GM,,,2524,9,2004
13400312,"Iskandarov, Misratdin",AZE,M,GM,,,2524,8,1995
4135202,"Kharitonov, Alexandr",RUS,M,GM,,,2524,0,1986
2400561,"Rowson, Jonathan",SCO,M,GM,,,2524,0,1977
2073250,"Brodsky, David",USA,M,GM,,,2524,0,2002
1301837,"Pelletier, Yannick",SUI,M,GM,,FST,2524,1,1976
6300529,"Ali Marandi, Cemil Can",TUR,M,GM,,FT,2523,0,1998
4600070,"Wahls, Matthias",GER,M,GM,,,2523,2,1968
8604940,"Xu, Yinglun",CHN,M,GM,,FT,2522,0,1996
4401190,"Cuartas, Jaime Alexander",COL,M,GM,,,2522,4,1975
1204580,"Nanu, Costica-Ciprian",ROU,M,GM,,FT,2522,0,1977
13611860,"Kacharava, Nikolozi",GEO,M,GM,,,2521,8,2004
13506862,"Nikitenko, Mihail",BLR,M,GM,,,2521,9,2000
642274,"Demuth, Adrien",FRA,M,GM,,FT,2521,7,1991
12511412,"Pourramezanali, Amirreza",IRI,M,GM,,FST,2520,0,1992
4680804,"Graf, Alexander",GER,M,GM,,,2520,0,1962
24105074,"Iljiushenok, Ilia",FID,M,GM,,,2519,0,1993
14104369,"Solodovnichenko, Yuri",UKR,M,GM,,,2519,6,1978
1700014,"Andersson, Ulf",SWE,M,GM,,,2519,3,1951
42520835,"Movahed, Sina",IRI,M,GM,,,2518,0,2010
24183555,"Afanasiev, Nikita",RUS,M,GM,,,2518,18,2000
14507927,"Bosiocic, Marin",CRO,M,GM,,FT,2518,19,1988
4600193,"Lutz, Christopher",GER,M,GM,,,2518,6,1971
4125371,"Novikov, Stanislav",RUS,M,GM,,,2518,0,1985
2801914,"Mikhalevski, Victor",ISR,M,GM,,,2518,4,1972
1204297,"Parligras, Mircea-Emilian",ROU,M,GM,,,2518,10,1980
400580,"Parker, Jonathan F",ENG,M,GM,,,2518,0,1976
2803828,"Huzman, Alexander",ISR,M,GM,,,2517,4,1962
1048333,"Vrolijk, Liam",NED,M,GM,,,2517,5,2002
1013068,"Pruijssers, Roeland",NED,M,GM,,,2517,0,1989
1004689,"Ernst, Sipke",NED,M,GM,,FT,2517,9,1979
121576,"Sosa, Tomas",ARG,M,GM,,,2517,4,1998
14111330,"Muzychuk, Anna",UKR,F,GM,WGM,,2516,0,1990
14109336,"Lagno, Kateryna",RUS,F,GM,WGM,,2516,9,1989
8603693,"Xiu, Deshun",CHN,M,GM,,,2516,0,1989
5018420,"Narayanan, Srinath",IND,M,GM,,FST,2516,0,1994
3801497,"Cordova, Emilio",PER,M,GM,,,2516,9,1991
1121251,"Olszewski, Michal",POL,M,GM,,,2516,0,1989
1113100,"Krasenkow, Michal",POL,M,GM,,,2516,1,1963
14100932,"Brodsky, Michail",UKR,M,GM,,,2515,0,1969
8610550,"Peng, Xiongjian",CHN,M,GM,,,2515,0,2000
6305962,"Yilmazyerli, Mert",TUR,M,GM,,,2515,0,1992
4902920,"Batsuren, Dambasuren",MGL,M,GM,,,2515,7,2004
3510697,"Miranda Mesa, Elier",CUB,M,GM,,,2515,0,1993
681091,"Velten, Paul",FRA,M,GM,,,2515,10,1993
25012223,Visakh N R,IND,M,GM,,,2514,0,1999
14401290,"Saric, Ibro",BIH,M,GM,,,2514,0,1982
8608059,"Zhu, Jiner",CHN,F,GM,WGM,,2514,0,2002
2813408,"Parkhov, Yair",ISR,M,GM,,,2514,0,2002
1141686,"Nasuta, Grzegorz",POL,M,GM,,,2514,4,1996
13601903,"Dzagnidze, Nana",GEO,F,GM,WGM,,2513,9,1987
11602945,"Kantans, Toms",LAT,M,GM,,,2513,11,1994
10613129,"Fawzy, Adham",EGY,M,GM,,FT,2513,0,2000
4138147,"Alekseev, Evgeny",ISR,M,GM,,,2513,4,1985
4100654,"Yakovich, Yuri",RUS,M,GM,,FST,2513,0,1962
1407767,"Glud, Jakob Vang",DEN,M,GM,,,2513,1,1988
705713,"Ruck, Robert",HUN,M,GM,,,2513,0,1977
4500261,"Kulaots, Kaido",EST,M,GM,,,2512,4,1976
3206882,"Tan, Justin",AUS,M,GM,,,2512,0,1997
2800055,"Boruchovsky, Avital",ISR,M,GM,,,2512,3,1997
1115120,"Heberla, Bartlomiej",POL,M,GM,,,2512,0,1985
13303635,"Harutyunyan, Tigran K.",ARM,M,GM,,,2511,0,1997
4437128,"Avila Pavas, Santiago",COL,M,GM,,,2511,0,2004
723762,"Fodor, Tamas Jr.",HUN,M,GM,,FI,2511,2,1991
400181,"Conquest, Stuart C",ENG,M,GM,,,2511,8,1967
32096585,"Henderson de La Fuente, Lance",AND,M,GM,,,2510,0,2003
14505320,"Jovanovic, Zoran",CRO,M,GM,,,2510,4,1979
2805642,"Erenburg, Sergey",USA,M,GM,,,2510,0,1983
1030108,"Beerdsen, Thomas",NED,M,GM,,,2510,13,1998
696358,"Bellahcene, Bilel",ALG,M,GM,,,2510,6,1998
12558486,"Gholami Orimi, Mahdi",IRI,M,GM,,,2509,0,2002
4171055,"Lintchevski, Daniil",RUS,M,GM,,,2509,0,1990
4122747,"Shariyazdanov, Andrey",RUS,M,GM,,,2509,0,1976
1134167,"Dragun, Kamil",POL,M,GM,,,2509,0,1995
24183750,"Lobanov, Sergei",FID,M,GM,,,2508,0,2001
11600039,"Kengis, Edvins",LAT,M,GM,,,2508,0,1959
2602504,"Charbonneau, Pascal",CAN,M,GM,,,2508,0,1983
1406000,"Rasmussen, Allan Stig",DEN,M,GM,,,2508,1,1983
866970,"Basso, Pier Luigi",ITA,M,GM,,,2508,0,1997
708402,"Medvegy, Zoltan",HUN,M,GM,,,2508,8,1979
24153729,"Khegay, Dmitriy",RUS,M,GM,,,2507,0,1997
2069342,"Checa, Nicolas",USA,M,GM,,,2507,0,2001
5008352,"Sengupta, Deep",IND,M,GM,,,2506,0,1988
4135229,"Anisimov, Pavel",MNE,M,GM,,,2506,0,1986
1300113,"Georgiadis, Nico",SUI,M,GM,,,2506,1,1996
1211668,"Chirila, Ioan-Cristian",ROU,M,GM,,FST,2506,0,1991
311995,"Bernasek, Jan",CZE,M,GM,,,2506,4,1986
14502879,"Kozul, Zdenko",CRO,M,GM,,,2505,2,1966
13404938,"Gadimbayli, Abdulla",AZE,M,GM,,,2505,0,2002
13402390,"Rasulov, Vugar",AZE,M,GM,,,2505,13,1991
4108566,"Tsydypov, Zhamsaran",RUS,M,GM,,,2505,0,1996
2620049,"Rodrigue-Lemieux, Shawn",CAN,M,GM,,,2505,9,2004
2008564,"Kaidanov, Gregory",USA,M,GM,,FST,2505,6,1959
1400266,"Hansen, Sune Berg",DEN,M,GM,,,2505,2,1971
409200,"Ghasi, Ameet K",ENG,M,GM,,,2505,9,1987
14112620,"Peng, Li Min",SUI,M,GM,,,2504,26,1997
14105500,"Sumets, Andrey",UKR,M,GM,,,2504,8,1980
13700316,"Kazhgaleyev, Murtas",KAZ,M,GM,,,2504,8,1973
12501255,"Moradiabadi, Elshan",USA,M,GM,,FT,2504,0,1985
4194128,"Kiselev, Vitalii",ARG,M,GM,,,2504,0,1988
2117568,"Quintiliano, Renato R.",BRA,M,GM,,,2504,9,1992
4659600,"Khenkin, Igor",GER,M,GM,,FST,2503,3,1968
4430492,"Cardoso Cardoso, Jose Gabriel",COL,M,GM,,,2503,9,2004
301264,"Babula, Vlastimil",CZE,M,GM,,,2503,5,1973
14165414,"Galperin, Platon",SWE,M,GM,,,2502,11,2003
4156021,"Iljin, Artem",MNE,M,GM,,,2502,0,1987
2900440,"Chatalbashev, Boris",DEN,M,GM,,,2502,16,1974
1110381,"Mista, Aleksander",POL,M,GM,,,2502,0,1983
960047,"Budisavljevic, Luka",SRB,M,GM,,FT,2502,0,2004
14202131,"Nigmatov, Ortik",UZB,M,GM,,,2501,9,2000
4203380,"Miladinovic, Igor",SRB,M,GM,,,2501,0,1974
2034255,"Zierk, Steven",USA,M,GM,,,2501,0,1993
1122452,"Tazbir, Marcin",POL,M,GM,,FI,2501,2,1988
1010697,"Burg, Twan",NED,M,GM,,,2501,5,1990
8603189,"Wan, Yunguo",CHN,M,GM,,,2500,17,1990
2600170,"Lesiege, Alexandre",CAN,M,GM,,,2500,8,1975
716855,"Hera, Imre Jr.",HUN,M,GM,,,2500,0,1986
600261,"Lamard, Guillaume",FRA,M,GM,,,2500,0,1997
5057000,"Mitrabha, Guha",IND,M,GM,,,2499,0,2001
2806991,"Bykhovsky, Anatoly",ISR,M,GM,,,2499,0,1988
921629,"Perunovic, Milos",SRB,M,GM,,,2499,4,1984
718602,"Papp, Gabor",HUN,M,GM,,FT,2499,4,1987
36033561,"Girel, Joseph",FRA,M,GM,,,2498,27,2004
4642325,"Prusikin, Michael",GER,M,GM,,"FST,NA",2498,4,1978
3203824,"Song, Raymond",TPE,M,GM,,,2498,0,1994
1132199,"Krzyzanowski, Marcin",POL,M,GM,,,2498,2,1994
13304852,"Mikaelyan, Arman",ARM,M,GM,,,2497,0,1996
2907313,"Grigorov, Grigor",BUL,M,GM,,,2497,0,1987
12800112,"Sulskis, Sarunas",LTU,M,GM,,FT,2496,0,1972
1133950,"Wieczorek, Oskar",POL,M,GM,,,2496,0,1994
35080580,Samant Aditya S,IND,M,GM,,,2495,0,2006
14918781,"Repka, Christopher",SVK,M,GM,,,2495,9,1998
13312022,"Ohanyan, Emin",ARM,M,GM,,,2495,9,2006
5024595,Lalit Babu M R,IND,M,GM,,,2495,0,1993
2205092,"Arizmendi Martinez, Julen Luis",ESP,M,GM,,,2495,1,1976
1112953,"Dziuba, Marcin",POL,M,GM,,,2495,0,1983
655830,"Bailet, Pierre",FRA,M,GM,,,2495,0,1988
3507424,"Espinosa Veloz, Ermes",CUB,M,GM,,,2494,10,1987
2302241,"Gretarsson, Hjorvar Steinn",ISL,M,GM,,,2494,0,1993
1704060,"Berg, Emanuel",SWE,M,GM,,,2494,0,1981
1132253,"Sadzikowski, Daniel",POL,M,GM,,,2494,2,1994
813613,"Brunello, Sabino",ITA,M,GM,,,2494,2,1989
400033,"Speelman, Jon S",ENG,M,GM,,,2494,2,1956
30908604,"Ghazarian, Kirk",USA,M,GM,,,2493,0,2006
25073060,Koustav Chatterjee,IND,M,GM,,,2493,0,2003
14506254,"Saric, Ante",CRO,M,GM,,FT,2493,5,1984
13400665,"Abbasov, Farid",AZE,M,GM,,FT,2493,4,1979
4127870,"Pridorozhni, Aleksei",RUS,M,GM,,,2493,0,1981
616834,"Libiszewski, Fabien",FRA,M,GM,,,2493,3,1984
14602296,"Sebenik, Matej",SLO,M,GM,,,2492,10,1983
13905465,"Schitco, Ivan",MDA,M,GM,,,2492,0,2003
13500767,"Charnushevich, Aliaksei",FRA,M,GM,,,2492,3,1978
5038448,"Girish, A. Koushik",IND,M,GM,,,2492,0,1997
4174003,"Belous, Vladimir",RUS,M,GM,,,2492,0,1993
2300117,"Steingrimsson, Hedinn",ISL,M,GM,,,2492,0,1975
1416928,"Ochsner, Bjorn Moller",DEN,M,GM,,,2492,2,1994
415820,"Haria, Ravi",ENG,M,GM,,,2492,2,1999
13700278,"Kotsur, Pavel",KAZ,M,GM,,IA,2491,8,1974
13600095,"Sturua, Zurab",GEO,M,GM,,,2491,0,1959
8622388,"Xiao, Tong(QD)",CHN,M,GM,,,2491,0,2008
5818320,"Siddharth, Jagadeesh",SGP,M,GM,,,2491,9,2007
1205064,"Szabo, Gergely-Andras-Gyula",ROU,M,GM,,FT,2491,0,1983
1105680,"Markowski, Tomasz",POL,M,GM,,,2491,0,1975
448869,"Royal, Shreyas",ENG,M,GM,,,2491,4,2009
14114550,"Muzychuk, Mariya",UKR,F,GM,WGM,,2490,0,1992
2252627,"Alsina Leal, Daniel",ESP,M,GM,,,2490,4,1988
1700588,"Cicak, Slavko",SWE,M,GM,,,2490,2,1969
700118,"Horvath, Csaba",HUN,M,GM,,,2490,1,1968
4635248,"Bromberger, Stefan",GER,M,GM,,,2489,7,1982
3503631,"Delgado Ramirez, Neuris",PAR,M,GM,,,2489,0,1981
2064871,"Balakrishnan, Praveen",USA,M,GM,,,2489,6,2002
1501984,"Lie, Kjetil A.",NOR,M,GM,,,2489,0,1980
1010824,"Swinkels, Robin",NED,M,GM,,,2489,5,1989
14116502,"Sivuk, Vitaly",SWE,M,GM,,,2488,25,1992
14109743,"Aveskulov, Valeriy",UKR,M,GM,,,2488,0,1986
13401416,"Sadikhov, Ulvi",AZE,M,GM,,,2488,0,1998
3503054,"Vazquez Igarza, Renier",CUB,M,GM,,FT,2488,0,1979
2108356,"Diamant, Andre",BRA,M,GM,,,2488,0,1990
116807,"Krysa, Leandro",ARG,M,GM,,,2488,0,1992
3503313,"Almeida Quintana, Omar",CUB,M,GM,,FT,2487,4,1981
2012529,"Perelshteyn, Eugene",USA,M,GM,,,2487,0,1980
727709,"Aczel, Gergely",HUN,M,GM,,,2487,14,1991
633046,"Vernay, Clovis",SUI,M,GM,,"SI,FA",2487,0,1989
304760,"Stocek, Jiri",CZE,M,GM,,,2487,6,1977
32011601,"Garriga Cazorla, Pere",ESP,M,GM,,,2486,3,1998
24615137,"Poetsch, Hagen",GER,M,GM,,,2486,18,1991
4614950,"Mons, Leon",GER,M,GM,,,2486,0,1995
1100106,"Gdanski, Jacek",POL,M,GM,,,2486,6,1970
1005030,"Dambacher, Martijn",NED,M,GM,,,2486,1,1979
14100037,"Novikov, Igor",USA,M,GM,,,2485,7,1962
5004225,"Chanda, Sandipan",IND,M,GM,,,2485,0,1983
3507815,"Obregon Rivero, Juan Carlos",MEX,M,GM,,,2485,0,1989
2800705,"Zoler, Dan",ISR,M,GM,,,2485,4,1974
1119290,"Pakleza, Zbigniew",POL,M,GM,,,2485,0,1986
1008439,"Leenhouts, Koen",NED,M,GM,,,2485,3,1984
927031,"Popovic, Dusan",SRB,M,GM,,,2485,4,1983
13707833,"Suleymenov, Alisher",KAZ,M,GM,,,2484,9,2000
12800023,"Rozentalis, Eduardas",LTU,M,GM,,,2484,12,1963
5091756,"Vaishali, Rameshbabu",IND,F,GM,WGM,,2484,13,2001
4600169,"Schlosser, Philipp",GER,M,GM,,,2484,4,1968
4229274,"Ioannidis, Evgenios",GRE,M,GM,,,2484,0,2001
4128125,"Kosteniuk, Alexandra",SUI,F,GM,WGM,,2484,9,1984
3819566,"Escalante Ramirez, Brian",PER,M,GM,,,2484,0,1999
2804140,"Golod, Vitali",ISR,M,GM,,,2484,2,1971
2047896,"Troff, Kayden",USA,M,GM,,,2484,0,1998
13300660,"Arzumanian, Georgii",AUT,M,GM,,,2483,2,1981
5015197,"Dronavalli, Harika",IND,F,GM,WGM,,2483,9,1991
3508129,"Guerra Mendez, Jose Angel",ESP,M,GM,,,2483,4,1988
2200074,"Magem Badals, Jordi",ESP,M,GM,,FST,2483,4,1967
2115824,"Barbosa, Evandro Amorim",BRA,M,GM,,,2483,0,1992
2008572,"Shabalov, Alexander",USA,M,GM,,FT,2483,8,1967
1121219,"Czarnota, Pawel",POL,M,GM,,,2483,2,1988
931152,"Bogosavljevic, Boban",SRB,M,GM,,,2483,13,1988
13706357,"Zhalmakhanov, Ramazan",KAZ,M,GM,,,2482,4,2002
13400363,"Guliyev, Namig",AZE,M,GM,,,2482,7,1974
5801605,"Fernandez, Daniel Howard",ENG,M,GM,,,2482,1,1995
4694031,"Lubbe, Nikolas",GER,M,GM,,,2482,6,1990
4145097,"Zakhartsov, Vladimir",RUS,M,GM,,,2481,0,1997
1210920,"Miron, Lucian-Costin",ROU,M,GM,,,2481,0,1987
944335,"Draskovic, Luka",MNE,M,GM,,,2481,0,1995
921661,"Muratovic, Alija",SRB,M,GM,,,2481,0,1962
8605564,"Xu, Yi",CHN,M,GM,,,2480,0,1998
8603090,"Yu, Ruiyuan",CHN,M,GM,,,2480,0,1991
8600660,"Yu, Shaoteng",CHN,M,GM,,,2480,0,1979
3507548,"Gonzalez Zamora, Juan Carlos",MEX,M,GM,,,2480,0,1968
2057360,"Sheng, Joshua",USA,M,GM,,FT,2480,0,2000
1701754,"Westerberg, Jonathan",SWE,M,GM,,,2480,0,1994
4147332,"Savchenko, Boris",RUS,M,GM,,,2479,0,1986
2908549,"Dimitrov, Radoslav",BUL,M,GM,,,2479,11,1993
2255570,"Cuenca Jimenez, Jose Fernando",ESP,M,GM,,FT,2479,0,1987
817570,"Dvirnyy, Danyyil",ITA,M,GM,,,2479,4,1990
13601270,"Shengelia, David",AUT,M,GM,,FST,2478,8,1980
4202139,"Nikolaidis, Ioannis",GRE,M,GM,,,2478,0,1971
4125282,"Orlov, Andrey",FID,M,GM,,,2478,2,1977
3516016,"Berdayes Ason, Dylan Isidro",CUB,M,GM,,,2478,10,1998
3404650,"Castellanos Rodriguez, Renier",ESP,M,GM,,,2478,0,1982
2800802,"Kogan, Arthur",ISR,M,GM,,FST,2478,4,1974
1126822,"Kanarek, Marcel",POL,M,GM,,,2478,0,1993
14101440,"Berelowitsch, Alexander",GER,M,GM,,FT,2477,3,1967
7101384,"Megaranto, Susanto",INA,M,GM,,,2477,11,1987
2021030,"Hungaski, Robert",USA,M,GM,,"FST,IA",2477,0,1987
14105659,"Maximov, Dmitry",UKR,M,GM,,,2476,0,1984
4123425,"Smirnov, Pavel",RUS,M,GM,,,2476,0,1982
922412,"Djukic, Nikola",MNE,M,GM,,,2476,11,1983
15000605,"Nedev, Trajko",MKD,M,GM,,"FST,FST",2475,0,1973
725323,"Pap, Gyula",HUN,M,GM,,,2475,0,1991
632023,"Delorme, Axel",FRA,M,GM,,,2475,2,1990
611123,"Guidarelli, Laurent",FRA,M,GM,,,2475,1,1981
609404,"Le Roux, Jean-Pierre",FRA,M,GM,,FT,2475,0,1982
400157,"Watson, William N",ENG,M,GM,,,2475,0,1962
14201143,"Khamrakulov, Djurabek",UZB,M,GM,,,2474,0,1988
5089000,Raja Harshit,IND,M,GM,,,2474,0,2001
5024366,"Anurag, Mhamal",IND,M,GM,,FT,2474,0,1995
411477,"Gordon, Stephen J",ENG,M,GM,,,2474,0,1986
318299,"Petr, Martin",CZE,M,GM,,,2474,3,1988
113581,"Lemos, Damian",ARG,M,GM,,,2474,0,1990
25059653,Rahul Srivatshav P,IND,M,GM,,,2473,9,2002
13602993,"Batsiashvili, Nino",GEO,F,GM,WGM,,2473,2,1987
13308300,"Gharibyan, Mamikon",ARM,M,GM,,,2473,0,2004
6336760,"Gokerkan, Cem Kaan",TUR,M,GM,,,2473,0,2000
4131606,"Zablotsky, Sergei",RUS,M,GM,,,2473,0,1982
2000091,"Benjamin, Joel",USA,M,GM,,,2473,0,1964
1601776,"Stanec, Nikolaus",AUT,M,GM,,,2473,11,1968
1400070,"Schandorff, Lars",DEN,M,GM,,,2473,2,1965
24109959,"Goganov, Aleksey",RUS,M,GM,,,2472,0,1991
13501720,"Maiorov, Nikita",FID,M,GM,,,2472,0,1985
4623169,"Naumann, Alexander",GER,M,GM,,,2472,4,1979
4611250,"Knaak, Rainer",GER,M,GM,,,2472,9,1953
4119991,"Ovetchkin, Roman",RUS,M,GM,,,2472,0,1973
3508455,"Aguero Jimenez, Luis Lazaro",CUB,M,GM,,,2472,4,1991
1124226,"Leniart, Arkadiusz",POL,M,GM,,,2472,2,1991
4501950,"Volodin, Aleksandr",EST,M,GM,,,2471,1,1990
720852,"Gonda, Laszlo",HUN,M,GM,,FST,2471,8,1988
600113,"Hauchard, Arnaud",FRA,M,GM,,,2471,0,1971
14500310,"Zelcic, Robert",CRO,M,GM,,FT,2470,2,1965
13400304,"Mirzoev, Azer",AZE,M,GM,,,2470,2,1978
12511099,"Mousavi, Seyed Khalil",IRI,M,GM,,,2470,0,1998
4611268,"Boensch, Uwe",GER,M,GM,,,2470,0,1958
4601475,"Rabiega, Robert",GER,M,GM,,,2470,2,1971
3801969,"Cruz, Cristhian",PER,M,GM,,,2470,18,1992
2613280,"Preotu, Razvan",CAN,M,GM,,,2470,6,1999
14104466,"Gasanov, Eldar",UKR,M,GM,,,2469,2,1982
5021103,"Grover, Sahaj",IND,M,GM,,,2469,1,1995
4601718,"Bezold, Michael",GER,M,GM,,,2469,0,1972
3500799,"Oliva Castaneda, Kevel",CUB,M,GM,,,2469,0,1994
3204405,"Ly, Moulthun",AUS,M,GM,,,2469,0,1991
1004816,"Janssen, Ruud",NED,M,GM,,,2469,0,1979
300560,"Polak, Tomas",CZE,M,GM,,FT,2469,13,1974
4901045,"Gundavaa, Bayarsaikhan",MGL,M,GM,,,2468,0,1989
3202305,"Smerdon, David C",AUS,M,GM,,,2468,0,1984
1132717,"Klekowski, Maciej",POL,M,GM,,,2468,0,1992
4156803,"Korneev, Oleg",ESP,M,GM,,,2467,8,1969
3504727,"Martinez Duany, Lelys Stanley",CUB,M,GM,,,2467,10,1985
1304232,"Jenni, Florian",SUI,M,GM,,,2467,2,1980
8602298,"Lin, Chen",CHN,M,GM,,,2466,0,1988
4688210,"Baldauf, Marco",GER,M,GM,,,2466,3,1990
4600037,"Lobron, Eric",GER,M,GM,,,2466,2,1960
4000013,"David, Alberto",ITA,M,GM,,FT,2466,9,1970
2800110,"Manor, Ilan",ISR,M,GM,,,2466,4,1969
2800039,"Greenfeld, Alon",ISR,M,GM,,,2466,4,1964
2103877,"Santiago, Yago De Moura",BRA,M,GM,,,2466,9,1992
737119,"Nagy, Gabor",HUN,M,GM,,,2466,14,1994
13504037,"Gorovets, Andrey",BLR,M,GM,,,2465,0,1987
1509276,"Hauge, Lars Oskar",NOR,M,GM,,,2465,3,1998
325740,"Plat, Vojtech",CZE,M,GM,,,2465,14,1994
32080190,"Gines Esteo, Pedro Antonio",ESP,M,GM,,,2464,4,2004
3814017,"Cori Quispe, Kevin Joel",MEX,M,GM,,,2464,0,1999
25006711,"Chandra, Akshat",USA,M,GM,,,2463,0,1999
12521604,"Lorparizangeneh, Shahin",IRI,M,GM,,FT,2463,0,1999
3407128,"Salinas Herrera, Pablo",CHI,M,GM,,,2463,0,1994
2300044,"Hjartarson, Johann",ISL,M,GM,,,2463,8,1963
5019141,"Shyam, Sundar M.",IND,M,GM,,,2462,0,1992
4151976,"Frolyanov, Dmitry",FID,M,GM,,,2462,0,1986
3202534,"Zhao, Zong-Yuan",AUS,M,GM,,,2462,0,1986
2900394,"Delchev, Aleksander",SRB,M,GM,,FST,2462,4,1971
600270,"Degraeve, Jean-Marc",FRA,M,GM,,,2462,10,1971
5217911,"Quizon, Daniel",PHI,M,GM,,,2461,11,2004
4400704,"Ruiz Castillo, Joshua Daniel",COL,M,GM,,,2461,0,1997
2090759,"Daggupati, Balaji",USA,M,GM,,,2461,0,2005
600164,"Apicella, Manuel",FRA,M,GM,,,2461,2,1970
4901541,"Bilguun, Sumiya",MGL,M,GM,,FI,2460,0,1997
2800047,"Rechlis, Gad",ISR,M,GM,,,2460,4,1967
1709437,"Blomqvist, Erik",SWE,M,GM,,,2460,12,1990
4153278,"Kryakvin, Dmitry",RUS,M,GM,,,2459,0,1984
5100011,"Hernandez Guerrero, Gilberto",MEX,M,GM,,FT,2458,0,1970
5007429,"Panchanathan, Magesh Chandran",IND,M,GM,,,2458,0,1983
4182596,"Levin, Evgeny A.",RUS,M,GM,,,2458,0,1990
4159659,"Yudin, Sergei",RUS,M,GM,,,2458,0,1986
2021285,"Lenderman, Aleksandr",USA,M,GM,,FT,2458,9,1989
1700812,"Hillarp Persson, Tiger",SWE,M,GM,,FT,2458,5,1970
1011014,"Brandenburg, Daan",NED,M,GM,,,2458,1,1987
24171735,"Drygalov, Andrey",RUS,M,GM,,,2457,0,1999
2209381,"Franco Ocampos, Zenon",PAR,M,GM,,,2457,0,1956
1400185,"Danielsen, Henrik",ISL,M,GM,,,2457,11,1966
1213300,"Georgescu, Tiberiu-Marian",ROU,M,GM,,FT,2457,0,1991
1112848,"Jakubowski, Krzysztof",POL,M,GM,,,2457,2,1983
1108760,"Cyborowski, Lukasz",POL,M,GM,,,2457,6,1980
921610,"Pap, Misa",SRB,M,GM,,,2457,9,1979
1506536,"Notkevich, Benjamin Arvola",NOR,M,GM,,,2456,0,1993
627143,"Shoker, Samy",EGY,M,GM,,FT,2456,9,1987
14100487,"Sulypa, Oleksandr",UKR,M,GM,,,2455,1,1972
662569,"Sochacki, Christophe",FRA,M,GM,,,2455,0,1994
300535,"Votava, Jan",CZE,M,GM,,,2455,0,1974
5029104,"Stany, G.A.",IND,M,GM,,,2454,0,1993
2603659,"Roussel-Roozmon, Thomas",CAN,M,GM,,,2454,0,1988
2212943,"Lopez Martinez, Josep Manuel",ESP,M,GM,,,2454,5,1980
1208110,"Jianu, Vlad-Cristian",ROU,M,GM,,,2454,8,1984
903124,"Kovacevic, Aleksandar",SRB,M,GM,,,2454,4,1974
14602377,"Beliavsky, Alexander G",SLO,M,GM,,,2453,9,1953
5037883,"Gagare, Shardul",IND,M,GM,,,2453,0,1997
14103109,"Feygin, Michael",GER,M,GM,,FT,2452,5,1975
13602608,"Sanikidze, Tornike",GEO,M,GM,,,2452,8,1989
4169786,"Potapov, Pavel",RUS,M,GM,,,2452,0,1990
2300010,"Olafsson, Helgi",ISL,M,GM,,,2452,8,1956
1000063,"Nijboer, Friso",NED,M,GM,,,2452,3,1965
627089,"Sokolov, Andrei",FRA,M,GM,,,2452,1,1963
621650,"Flom, Gabriel",FRA,M,GM,,,2452,12,1986
105198,"Alonso, Salvador",ARG,M,GM,,,2452,0,1974
2301318,"Kjartansson, Gudmundur",ISL,M,GM,,,2451,5,1988
8600031,"Xu, Jun",CHN,M,GM,,,2450,0,1962
4617495,"Hausrath, Daniel",GER,M,GM,,,2450,6,1976
14100045,"Shneider, Aleksandr",UKR,M,GM,,,2449,4,1962
14000563,"Annaberdiyev, Meylis",TKM,M,GM,,,2449,0,1985
13300016,"Vaganian, Rafael A",ARM,M,GM,,,2449,0,1951
12513342,"Gholami, Aryan",IRI,M,GM,,,2449,0,2001
6305881,"Firat, Burak",TUR,M,GM,,,2449,0,1993
4655192,"Zaragatski, Ilja",GER,M,GM,,,2449,0,1985
3508811,"Hevia Alejano, Carlos Antonio",CUB,M,GM,,,2449,0,1991
2807394,"Caspi, Israel",ISR,M,GM,,,2449,3,1989
2800659,"Zifroni, Dov",ISR,M,GM,,,2449,4,1976
934526,"Nestorovic, Nikola",SRB,M,GM,,FT,2449,6,1989
922900,"Sedlak, Nikola",SRB,M,GM,,,2449,22,1983
400122,"Mestel, A Jonathan",ENG,M,GM,,,2449,0,1957
5101174,"Gonzalez Garcia, Jose",ESP,M,GM,,,2448,4,1973
4201990,"Mastrovasilis, Athanasios",GRE,M,GM,,FT,2448,5,1979
2256444,"Larino Nieto, David",ESP,M,GM,,,2448,0,1989
617822,"Sebag, Marie",FRA,F,GM,WGM,,2448,0,1986
14500116,"Palac, Mladen",CRO,M,GM,,,2447,2,1971
4617347,"Slobodjan, Roman",GER,M,GM,,,2447,7,1975
2805340,"Khmelniker, Ilya",ISR,M,GM,,,2447,1,1985
818860,"Valsecchi, Alessio",ITA,M,GM,,,2447,0,1992
331708,"Kraus, Tomas",CZE,M,GM,,,2447,7,1995
6302114,"Esen, Baris",TUR,M,GM,,,2446,0,1986
5028183,"Swayams, Mishra",IND,M,GM,,FT,2446,0,1992
3902463,"Gascon Del Nogal, Jose Rafael",VEN,M,GM,,FT,2446,2,1995
3400042,"Vasquez Schroeder, Rodrigo",CHI,M,GM,,,2446,0,1969
404454,"Williams, Simon K",ENG,M,GM,,,2446,0,1979
12401820,"Tran, Tuan Minh",VIE,M,GM,,,2445,0,1997
1205730,"Nevednichy, Vladislav",ROU,M,GM,,,2445,2,1969
1102222,"Jaracz, Pawel",POL,M,GM,,,2445,6,1975
14104490,"Firman, Nazar",UKR,M,GM,,,2444,0,1983
2300087,"Stefansson, Hannes",ISL,M,GM,,,2444,0,1972
2260735,"Asis Gargatagli, Hipolito",ESP,M,GM,,,2444,4,1986
24101940,"Zanan, Evgeny",ISR,M,GM,,,2443,4,1998
4600053,"Kindermann, Stefan",AUT,M,GM,,,2443,4,1959
4107730,"Shchekachev, Andrei",FRA,M,GM,,,2443,1,1972
2261090,"Vila Gazquez, Xavier",ESP,M,GM,,,2443,4,1990
607274,"Marcelin, Cyril",FRA,M,GM,,,2443,2,1979
14102803,"Fish, Gennadij",GER,M,GM,,,2442,1,1973
14100207,"Gurevich, Vladimir",GER,M,GM,,,2442,0,1959
2200040,"De La Villa Garcia, Jesus Maria",ESP,M,GM,,FST,2442,0,1958
13500481,"Kasparov, Sergey",FID,M,GM,,,2441,0,1968
2811154,"Raznikov, Danny",ISR,M,GM,,,2441,3,1993
717274,"Flumbort, Andras Dr.",HUN,M,GM,,,2441,0,1984
4611500,"Teske, Henrik",GER,M,GM,,,2440,3,1968
4100972,"Ikonnikov, Vyacheslav",FID,M,GM,,,2440,6,1966
1111078,"Antoniewski, Rafal",POL,M,GM,,,2440,4,1980
12400084,"Dao, Thien Hai",VIE,M,GM,,FT,2439,0,1978
6900224,"De La Riva Aguado, Oscar",AND,M,GM,,FT,2439,4,1972
5201241,"Paragua, Mark",PHI,M,GM,,,2439,9,1984
1612468,"Diermair, Andreas",AUT,M,GM,,,2439,6,1986
800090,"Godena, Michele",ITA,M,GM,,,2439,8,1967
937614,"Roganovic, Milos",SRB,M,GM,,,2438,0,1991
922692,"Stojanovic, Dalibor",BIH,M,GM,,FT,2438,20,1983
46622373,Prraneeth Vuppala,IND,M,GM,,,2437,9,2007
14001128,"Atabayev, Yusup",TKM,M,GM,,,2437,0,1994
13301349,"Petrosian, Davit G.",ARM,M,GM,,,2437,0,1984
7105029,"Priasmoro, Novendra",INA,M,GM,,,2437,20,1999
900885,"Blagojevic, Dragisa",MNE,M,GM,,,2437,0,1966
307424,"Cvek, Robert",CZE,M,GM,,,2437,3,1979
24104272,"Rozum, Ivan",RUS,M,GM,,,2436,9,1991
4900847,"Batchuluun, Tsegmed",MGL,M,GM,,,2436,0,1987
603252,"Vaisser, Anatoly",FRA,M,GM,,,2436,7,1949
4105109,"Burmakin, Vladimir",RUS,M,GM,,,2435,0,1967
4101731,"Piskov, Yury",FID,M,GM,,,2435,0,1964
2809958,"Baron, Tal",ISR,M,GM,,,2435,4,1992
2205521,"Oms Pallisse, Josep",ESP,M,GM,,FT,2435,1,1973
402893,"Turner, Matthew J",SCO,M,GM,,,2435,9,1975
14900017,"Ftacnik, Lubomir",SVK,M,GM,,FST,2434,12,1957
5900212,"Kotronias, Vasilios",GRE,M,GM,,,2434,0,1964
4165314,"Bryakin, Mikhail",SRB,M,GM,,,2434,35,1997
4128290,"Sambuev, Bator",CAN,M,GM,,,2434,9,1980
1160664,"Jarmula, Lukasz",POL,M,GM,,,2434,0,1998
14103052,"Kovchan, Alexander",UKR,M,GM,,,2433,18,1983
3507408,"Alvarez Pedraza, Aramis",CUB,M,GM,,FT,2433,0,1988
2905710,"Nikolov, Momchil",BUL,M,GM,,,2433,11,1985
2802430,"Gershon, Alik",ISR,M,GM,,,2433,4,1980
4630629,"Ginsburg, Gennadi",GER,M,GM,,,2432,5,1971
3804623,"Vera Siguenas, Deivy",PER,M,GM,,,2431,9,1992
4601297,"Hoffmann, Michael",GER,M,GM,,,2430,6,1970
1706993,"Semcesen, Daniel",SWE,M,GM,,,2430,0,1986
1401815,"Aagaard, Jacob",DEN,M,GM,,,2430,10,1973
12400025,Nguyen Anh Dung,VIE,M,GM,,"FT,FA",2429,0,1976
7900309,"Rizouk, Aimen",ALG,M,GM,,,2429,0,1979
4112423,"Kalinin, Alexander",RUS,M,GM,,,2429,0,1968
3000010,"Rodriguez Vila, Andres",URU,M,GM,,FST,2429,0,1973
14110911,"Ushenina, Anna",UKR,F,GM,WGM,,2428,2,1985
5034426,"Das, Sayantan",IND,M,GM,,,2428,0,1997
1707930,"Smith, Axel",SWE,M,GM,,,2428,2,1986
1106880,"Bobras, Piotr",POL,M,GM,,,2428,2,1977
406465,"Gormally, Daniel W",ENG,M,GM,,,2428,11,1976
14200058,"Saltaev, Mihail",UZB,M,GM,,,2427,0,1962
12500739,"Ghaem Maghami, Ehsan",IRI,M,GM,,,2427,0,1982
5024218,Shyaam Nikhil P,IND,M,GM,,,2427,0,1992
4612396,"Maiwald, Jens-Uwe",GER,M,GM,,,2427,4,1974
4611322,"Tischbierek, Raj",GER,M,GM,,FT,2427,0,1962
1003909,"De Vreugt, Dennis",NED,M,GM,,,2427,2,1980
24114928,"Tilicheev, Viacheslav",SRB,M,GM,,,2426,0,1994
14602385,"Mikhalchishin, Adrian",SLO,M,GM,,,2426,0,1954
13301152,"Movsziszian, Karen",ARM,M,GM,,,2426,4,1963
2902257,"Stefanova, Antoaneta",BUL,F,GM,,,2426,4,1979
827061,"Stella, Andrea",ITA,M,GM,,,2426,2,1993
14101068,"Milov, Leonid",GER,M,GM,,,2425,8,1966
5201640,"Barbosa, Oliver",PHI,M,GM,,,2425,9,1986
4600045,"Bischoff, Klaus",GER,M,GM,,,2425,8,1961
4167570,"Gunina, Valentina",FID,F,GM,WGM,,2425,0,1989
1500058,"Ostenstad, Berge",NOR,M,GM,,,2425,2,1964
1200020,"Marin, Mihail",ROU,M,GM,,,2425,3,1965
12401269,"Nguyen, Huynh Minh Huy",VIE,M,GM,,,2424,1,1987
4641833,"Paehtz, Elisabeth",GER,F,GM,WGM,,2424,10,1985
4601556,"Heinemann, Thies",GER,M,GM,,,2424,7,1971
4600088,"Hertneck, Gerald",GER,M,GM,,,2424,6,1963
2600013,"Spraggett, Kevin",CAN,M,GM,,,2424,0,1954
614890,"Abergel, Thal",FRA,M,GM,,,2424,13,1982
307165,"Simacek, Pavel",CZE,M,GM,,FT,2424,1,1979
14101270,"Komarov, Dimitri",UKR,M,GM,,FST,2423,0,1968
13902393,"Hamitevici, Vladimir",MDA,M,GM,,,2423,0,1991
13302639,"Hayrapetyan, Hovik",ARM,M,GM,,,2423,9,1990
4650905,"Levin, Felix",GER,M,GM,,,2423,3,1958
4161289,"Novikov, Maxim",RUS,M,GM,,,2423,0,1972
2901773,"Petrov, Marian",BUL,M,GM,,FT,2423,0,1975
600822,"Relange, Eloi",FRA,M,GM,,,2423,2,1976
14500450,"Zaja, Ivan",CRO,M,GM,,,2422,2,1965
5105048,"Ibarra Chami, Luis Fernando",MEX,M,GM,,,2422,0,1989
4155351,"Moskalenko, Alexander",RUS,M,GM,,,2422,0,1988
4127820,"Kabanov, Nikolai",RUS,M,GM,,,2422,0,1980
10200037,"Rahman, Ziaur",BAN,M,GM,,,2421,0,1974
4401824,"Barrientos, Sergio E",COL,M,GM,,,2421,0,1986
4100484,"Glek, Igor",BEL,M,GM,,,2421,29,1961
4100379,"Dvoirys, Semen I.",RUS,M,GM,,,2421,4,1958
1900072,"Galego, Luis",POR,M,GM,,,2421,0,1966
628050,"Dourerassou, Jonathan",FRA,M,GM,,,2421,3,1989
615013,"Wirig, Anthony",FRA,M,GM,,,2421,10,1983
305243,"Neuman, Petr",CZE,M,GM,,,2421,8,1978
300306,"Rasik, Vitezslav",CZE,M,GM,,,2421,2,1973
3501728,"Becerra Rivero, Julio",USA,M,GM,,,2420,0,1973
5019184,"Swapnil, S. Dhopade",IND,M,GM,,FT,2419,0,1990
4131002,"Gabrielian, Artur",RUS,M,GM,,,2419,0,1982
2200325,"Comas Fabrego, Lluis",ESP,M,GM,,,2419,0,1971
922722,"Miljkovic, Miroslav D",SRB,M,GM,,,2419,0,1985
14100150,"Neverov, Valeriy",UKR,M,GM,,,2418,0,1964
13602640,"Khotenashvili, Bella",GEO,F,GM,WGM,,2418,11,1988
13401033,"Mammadov, Zaur",AZE,M,GM,,,2418,0,1994
2800101,"Soffer, Ram",ISR,M,GM,,,2418,4,1965
2300699,"Gretarsson, Helgi Ass",ISL,M,GM,,,2418,0,1977
1700090,"Hector, Jonny",SWE,M,GM,,,2418,13,1964
915483,"Milanovic, Danilo",SRB,M,GM,,,2418,0,1974
5200016,"Torre, Eugenio",PHI,M,GM,,,2417,0,1951
203882,"Dgebuadze, Alexandre",BEL,M,GM,,,2417,5,1971
14100584,"Maksimenko, Andrei",UKR,M,GM,,,2416,0,1969
24129100,"Matinian, Nikita",FID,M,GM,,,2415,0,1992
5040299,Akash G,IND,M,GM,,FT,2415,0,1996
2903237,"Todorov, Todor",BEL,M,GM,,,2414,3,1974
1300024,"Brunner, Lucas",SUI,M,GM,,,2414,0,1967
100587,"Valerga, Diego",ARG,M,GM,,,2414,0,1971
24684074,"Yankelevich, Lev",GER,M,GM,,,2413,0,1997
15000729,"Colovic, Aleksandar",MKD,M,GM,,,2413,0,1976
4400801,"Escobar Forero, Alder",COL,M,GM,,,2413,1,1977
4122763,"Volkov, Sergey",RUS,M,GM,,,2413,9,1974
14907518,"Jurcik, Marian",SVK,M,GM,,,2412,2,1987
5800706,"Goh, Wei Ming Kevin",SGP,M,GM,,,2412,0,1983
4662997,"Rotstein, Arkadij",GER,M,GM,,,2412,6,1961
4600428,"Holzke, Frank",GER,M,GM,,,2412,9,1971
4136594,"Dobrov, Vladimir",RUS,M,GM,,,2412,0,1984
1200186,"Grigore, George-Gabriel",ROU,M,GM,,,2412,0,1970
700053,"Groszpeter, Attila",HUN,M,GM,,,2412,1,1960
600040,"Renet, Olivier",FRA,M,GM,,,2411,1,1964
400254,"Emms, John M",ENG,M,GM,,,2411,7,1967
14401487,"Atalik, Suat",SRB,M,GM,,,2410,0,1964
3700267,"Cubas, Jose",PAR,M,GM,,FT,2408,0,1981
2907712,"Enchev, Ivajlo",BUL,M,GM,,,2408,11,1989
2900211,"Genov, Petar",BUL,M,GM,,,2408,3,1970
1501674,"Johannessen, Leif Erlend",NOR,M,GM,,,2408,1,1980
1201530,"Manolache, Marius",ROU,M,GM,,,2408,0,1973
722960,"Berczes, David",HUN,M,GM,,,2408,18,1990
13300512,"Khachiyan, Melikset",USA,M,GM,,,2407,0,1970
3502783,"Cabrera, Alexis",ESP,M,GM,,,2407,4,1976
1501720,"Hansen, Torbjorn Ringdal",NOR,M,GM,,,2407,0,1979
916366,"Stojanovic, Mihajlo",SRB,M,GM,,,2407,5,1977
14104954,"Bagrationi, Alexander",ISR,M,GM,,,2406,13,1990
8600678,"Li, Shilong",CHN,M,GM,,,2406,0,1977
4901266,"Munkhgal, Gombosuren",MGL,M,GM,,,2406,0,1988
3507777,"Gonzalez Perez, Arian",ESP,M,GM,,,2406,3,1988
2901188,"Petkov, Vladimir",BUL,M,GM,,,2406,3,1971
1303422,"Gallagher, Joseph G.",SUI,M,GM,,,2406,0,1964
920479,"Savic, Miodrag R",SRB,M,GM,,,2406,18,1977
14101696,"Shishkin, Vadim",UKR,M,GM,,,2405,0,1969
14100100,"Moskalenko, Viktor",ESP,M,GM,,FST,2405,4,1960
4618920,"Richter, Michael",GER,M,GM,,,2405,2,1978
1210319,"Rogozenco, Dorian",ROU,M,GM,,,2405,5,1973
13302337,"Simonian, Hrair",ARM,M,GM,,,2404,0,1991
12519278,"Mosadeghpour, Masoud",IRI,M,GM,,,2404,9,1997
4122178,"Iljushin, Alexei",RUS,M,GM,,,2404,0,1980
2300036,"Arnason, Jon L",ISL,M,GM,,,2404,7,1960
300160,"Haba, Petr",CZE,M,GM,,,2404,16,1965
2907127,"Arnaudov, G. Petar",BUL,M,GM,,,2403,2,1986
2400022,"Motwani, Paul",SCO,M,GM,,,2403,0,1962
1700057,"Karlsson, Lars",SWE,M,GM,,,2403,3,1955
110124,"Garcia Palermo, Carlos Horacio",ITA,M,GM,,,2403,9,1953
105570,"Lorenzini, Martin",ARG,M,GM,,,2403,6,1975
13500147,"Zezulkin, Jurij",POL,M,GM,,,2402,1,1971
13500023,"Kovalev, Andrei",BLR,M,GM,,FST,2402,18,1961
5201381,"Gomez, John Paul",PHI,M,GM,,,2402,0,1986
2005492,"Yermolinsky, Alex",USA,M,GM,,,2402,0,1958
14200104,"Iuldachev, Saidali",UZB,M,GM,,"FT,NA",2401,0,1968
722340,"Boros, Denes",HUN,M,GM,,,2401,0,1988
14900483,"Likavsky, Tomas",SVK,M,GM,,,2400,0,1971
13503758,"Stupak, Kirill",BLR,M,GM,,,2400,10,1990
13300865,"Hovhannisyan, Mher",BEL,M,GM,,FT,2400,0,1978
4120213,"Belozerov, Andrei",RUS,M,GM,,,2400,0,1977
2300028,"Petursson, Margeir",ISL,M,GM,,,2400,8,1960
2268795,"Huerga Leache, Mikel",ESP,M,GM,,"FT,FA",2400,0,1989
14900025,"Stohl, Igor",SVK,M,GM,,FST,2399,11,1964
11600136,"Miezis, Normunds",LAT,M,GM,,,2399,13,1971
2803089,"Tyomkin, Dimitri",CAN,M,GM,,,2399,3,1977
1700030,"Cramling, Pia",SWE,F,GM,,,2399,0,1963
400629,"McDonald, Neil",ENG,M,GM,,,2399,0,1967
46618546,Prithu Gupta,IND,M,GM,,,2398,0,2004
14900092,"Mrva, Martin",SVK,M,GM,,,2398,11,1971
13500465,"Fedorov, Alexei",BLR,M,GM,,,2398,9,1972
13300210,"Danielian, Elina",ARM,F,GM,WGM,,2398,0,1978
4610741,"Polzin, Rainer",GER,M,GM,,,2398,3,1971
4195752,"Girya, Olga",RUS,F,GM,WGM,,2398,0,1991
4102924,"Novik, Maxim",LTU,M,GM,,,2398,9,1970
916412,"Tadic, Branko",SRB,M,GM,,FST,2398,4,1973
14119846,"Omelja, Artem",UKR,M,GM,,,2397,18,1991
10600183,"Hesham, Abdelrahman",EGY,M,GM,,,2396,0,1992
4102541,"Meister, Jakob",GER,M,GM,,,2396,20,1955
14500086,"Cvitan, Ognjen",CRO,M,GM,,,2395,9,1961
13600052,"Ubilava, Elizbar",ESP,M,GM,,,2395,4,1950
13500139,"Aleksandrov, Aleksej",BLR,M,GM,,,2395,9,1973
4162714,"Epishin, Vladimir",RUS,M,GM,,,2395,0,1965
912336,"Zajic, Milan",SRB,M,GM,,,2395,0,1999
5011132,Deepan Chakkravarthy J.,IND,M,GM,,,2394,0,1987
2300109,"Thorhallsson, Throstur",ISL,M,GM,,,2393,5,1969
2203138,"Del Rio De Angelis, Salvador G.",ESP,M,GM,,,2393,10,1976
2000202,"Ivanov, Alexander",USA,M,GM,,,2393,0,1956
900125,"Damljanovic, Branko",SRB,M,GM,,,2393,18,1961
6301495,"Erdogdu, Aziz Mert",TUR,M,GM,,FST,2392,2,1979
5201047,"Salvador, Roland",PHI,M,GM,,,2391,0,1982
707244,"Galyas, Miklos",HUN,M,GM,,FT,2391,8,1978
5201330,"Laylo, Darwin",PHI,M,GM,,,2390,0,1980
3400034,"Campos Moreno, Javier B.",CHI,M,GM,,,2390,4,1959
611190,"Riff, Jean-Noel",FRA,M,GM,,,2390,7,1981
600245,"Bricard, Emmanuel",FRA,M,GM,,,2390,1,1966
2205009,"Herraiz Hidalgo, Herminio",ESP,M,GM,,,2389,0,1978
900290,"Kosic, Dragan",MNE,M,GM,,FT,2389,0,1970
1700219,"Brynell, Stellan",SWE,M,GM,,FT,2388,4,1962
3600017,"Matamoros Franco, Carlos S.",ECU,M,GM,,FST,2387,3,1966
913723,"Brenjo, Slavisa",SRB,M,GM,,,2387,0,1974
708003,"Horvath, Adam",HUN,M,GM,,,2387,0,1981
100250,"Slipak, Sergio",ARG,M,GM,,FST,2387,0,1965
14400057,"Kurajica, Bojan",CRO,M,GM,,,2386,0,1947
4117328,"Chernyshov, Konstantin",RUS,M,GM,,,2386,0,1967
14600013,"Mohr, Georg",SLO,M,GM,,,2385,0,1965
4637321,"Kalinitschew, Sergey",GER,M,GM,,,2385,2,1956
2000261,"Finegold, Benjamin",USA,M,GM,,,2385,0,1969
700061,"Horvath, Jozsef",HUN,M,GM,,,2385,0,1964
12800120,"Zagorskis, Darius",LTU,M,GM,,,2384,0,1969
3300200,"Zambrana, Osvaldo",BOL,M,GM,,FT,2384,9,1981
2300958,"Thorfinnsson, Bragi",ISL,M,GM,,,2384,0,1981
1000020,"Van der Wiel, John T.H.",NED,M,GM,,,2384,1,1959
12502200,"Darini, Pouria",IRI,M,GM,,,2383,0,1991
2900041,"Spasov, Vasil",BUL,M,GM,,,2383,27,1971
400084,"Hebden, Mark L",ENG,M,GM,,,2383,13,1958
15000290,"Mitkov, Nikola",MKD,M,GM,,FT,2382,0,1971
13700022,"Temirbayev, Serikbay",KAZ,M,GM,,,2382,8,1961
4403940,"Rios Gomez, Cristhian Camilo",COL,M,GM,,,2382,0,1993
4207742,"Papadopoulos, Ioannis K.",GRE,M,GM,,,2382,0,1988
4121341,"Vorobiov, Evgeny E.",RUS,M,GM,,,2381,0,1976
2002035,"Kraai, Jesse",USA,M,GM,,,2381,2,1972
14001101,"Atabayev, Maksat",TKM,M,GM,,,2380,9,1994
4611314,"Enders, Peter",GER,M,GM,,,2380,0,1963
311111,"Volosin, Leon",CZE,M,GM,,,2380,5,1964
12401064,Nguyen Van Huy,VIE,M,GM,,,2379,9,1985
4600096,"Schmittdiel, Eckhard",GER,M,GM,,,2379,2,1960
2201500,"Narciso Dublan, Marc",ESP,M,GM,,,2379,4,1974
14200295,"Khamrakulov, Ibragim S.",ESP,M,GM,,,2378,4,1982
4501047,"Kanep, Meelis",EST,M,GM,,,2378,0,1983
2012782,"Krush, Irina",USA,F,GM,WGM,,2378,0,1983
2802090,"Oratovsky, Michael",ISR,M,GM,,,2377,4,1974
621501,"Lupu, Mircea-Sergiu",FRA,M,GM,,,2377,0,1962
2000377,"Fishbein, Alexander",USA,M,GM,,,2376,5,1968
14600684,"Tratar, Marko",SLO,M,GM,,FT,2374,1,1974
2100045,"Lima, Darcy",BRA,M,GM,,"FT,SI",2374,16,1962
4203445,"Kapnisis, Spyridon",GRE,M,GM,,,2373,0,1981
900150,"Strikovic, Aleksa",SRB,M,GM,,FT,2373,2,1961
5201110,"Bitoon, Richard",PHI,M,GM,,,2371,0,1975
4600304,"Muse, Mladen",CRO,M,GM,,,2371,0,1963
2903024,"Georgiev, Vladimir",MKD,M,GM,,FST,2371,3,1975
901008,"Antic, Dejan",SRB,M,GM,,,2371,0,1968
14502712,"Kovacevic, Blazimir",CRO,M,GM,,FT,2370,2,1975
2801957,"Finkel, Alexander",ISR,M,GM,,,2370,2,1975
2100037,"Sunye Neto, Jaime",BRA,M,GM,,,2370,0,1957
13300067,"Galdunts, Sergey",ARM,M,GM,,,2369,4,1965
1106619,"Socko, Monika",POL,F,GM,WGM,,2369,5,1978
600083,"Santo-Roman, Marc",FRA,M,GM,,,2369,1,1960
24126454,"Lugovskoy, Maxim",RUS,M,GM,,,2367,0,1996
13700650,"Ibrayev, Nurlan",KAZ,M,GM,,,2367,0,1977
13600818,"Kekelidze, Mikheil",GEO,M,GM,,,2367,0,1974
13600133,"Bagaturov, Giorgi",GEO,M,GM,,,2367,0,1964
2253488,"Cifuentes Parada, Roberto",ESP,M,GM,,,2367,3,1957
1610201,"Balinov, Ilia",AUT,M,GM,,,2367,4,1966
1500082,"Djurhuus, Rune",NOR,M,GM,,,2367,3,1970
2800020,"Gruenfeld, Yehuda",ISR,M,GM,,,2366,1,1956
1500066,"Tisdall, Jonathan D",NOR,M,GM,,FST,2366,2,1958
400165,"Flear, Glenn C",ENG,M,GM,,,2366,10,1959
400114,"Kosten, Anthony C.",ENG,M,GM,,,2366,8,1958
2500914,"Baburin, Alexander",IRL,M,GM,,,2365,0,1967
2200163,"Gomez Esteban, Juan Mario",ESP,M,GM,,,2365,4,1958
2017083,"Smith, Bryan",USA,M,GM,,,2365,0,1980
12400076,"Tu, Hoang Thong",VIE,M,GM,,FT,2364,0,1972
12401358,"Nguyen, Duc Hoa",VIE,M,GM,,,2363,9,1989
5200032,"Antonio, Rogelio Jr",PHI,M,GM,,,2363,0,1962
1200372,"Istratescu, Andrei",ROU,M,GM,,,2363,0,1975
303224,"Jirovsky, Milos",CZE,M,GM,,,2363,10,1974
5003512,"Neelotpal, Das",IND,M,GM,,,2361,0,1982
3500160,"Borges Matos, Juan",CUB,M,GM,,,2361,10,1966
600075,"Chabanon, Jean-Luc",FRA,M,GM,,,2360,3,1971
4609352,"Siebrecht, Sebastian",GER,M,GM,,,2359,0,1973
2200023,"Fernandez Garcia, Jose Luis 1954",ESP,M,GM,,,2359,4,1954
15000257,"Stanojoski, Zvonko",MKD,M,GM,,FT,2358,9,1964
15000214,"Jacimovic, Dragoljub",MKD,M,GM,,DI,2358,0,1964
12400726,Bui Vinh,VIE,M,GM,,"FT,IA",2358,0,1976
4600258,"Mainka, Romuald",GER,M,GM,,,2358,6,1963
14101076,"Sergeev, Vladimir",UKR,M,GM,,,2357,0,1964
12500283,"Bagheri, Amir",MNC,M,GM,,FT,2356,7,1978
12400149,"Hoang, Thanh Trang",HUN,F,GM,WGM,,2356,0,1980
700843,"Horvath, Peter",HUN,M,GM,,,2356,8,1972
14501228,"Rogic, Davor",CRO,M,GM,,,2355,2,1971
5005779,"Venkatesh, M.R.",IND,M,GM,,,2355,0,1985
2805359,"Kantsler, Boris",ISR,M,GM,,,2355,1,1962
2100169,"Matsuura, Everaldo",BRA,M,GM,,,2355,9,1970
1700120,"Akesson, Ralf",SWE,M,GM,,,2355,1,1961
100340,"Hoffman, Alejandro",URU,M,GM,,DI,2355,18,1966
100013,"Campora, Daniel H.",ARG,M,GM,,,2355,2,1957
2800063,"Lev, Ronen",ISR,M,GM,,,2354,4,1968
14200236,"Dzhumaev, Marat",UZB,M,GM,,,2352,0,1976
13900161,"Sanduleac, Vasile",MDA,M,GM,,FT,2351,6,1971
1004786,"Peng, Zhaoqin",NED,F,GM,WGM,FI,2351,0,1968
14108801,"Kislinsky, Alexey",CZE,M,GM,,,2350,0,1984
13500325,"Tihonov, Jurij",BLR,M,GM,,,2350,0,1978
5500796,"Zaibi, Amir",TUN,M,GM,,,2350,18,1988
400327,"Wells, Peter K",ENG,M,GM,,,2350,5,1965
10200649,"Hossain, Enamul",BAN,M,GM,,FT,2348,0,1981
11600748,"Starostits, Ilmars",LAT,M,GM,,,2347,2,1979
2000407,"Gurevich, Dmitry",USA,M,GM,,,2347,0,1956
725056,"Cao, Sang",VIE,M,GM,,,2346,0,1973
4154720,"Krapivin, Alexander",RUS,M,GM,,,2345,0,1987
900214,"Barlov, Dragan",SRB,M,GM,,,2345,2,1957
602612,"Anic, Darko",FRA,M,GM,,,2345,0,1957
14500299,"Fercec, Nenad",CRO,M,GM,,,2344,9,1961
13402463,"Sevdimaliyev, Urfan",AZE,M,GM,,,2344,9,1989
811416,"Ortega, Lexy",ITA,M,GM,,,2343,8,1960
4104358,"Gavrilov, Alexei",RUS,M,GM,,,2342,0,1960
300659,"Velicka, Petr",CZE,M,GM,,,2342,5,1967
4611390,"Womacka, Mathias",GER,M,GM,,,2341,5,1966
901776,"Nikcevic, Nebojsa",MNE,M,GM,,,2341,11,1965
4101057,"Bykhovsky, Avigdor",ISR,M,GM,,,2339,2,1955
8600716,"Wu, Wenjin",CHN,M,GM,,,2338,0,1976
916358,"Lajthajm, Borko",SRB,M,GM,,,2338,18,1976
13300873,"Harutjunyan, Gevorg",ARM,M,GM,,FST,2337,9,1981
4200039,"Grivas, Efstratios",GRE,M,GM,,FST,2337,0,1966
806404,"Efimov, Igor",MNC,M,GM,,FST,2337,12,1960
14907445,"Pacher, Milan",SVK,M,GM,,,2336,7,1990
4403177,"Arenas, David",COL,M,GM,,,2335,0,1991
2000083,"Fedorowicz, John",USA,M,GM,,FT,2335,0,1958
2903261,"Drenchev, Petar",BUL,M,GM,,,2334,0,1977
1700073,"Wedberg, Tom",SWE,M,GM,,,2334,2,1953
1500074,"Ogaard, Leif",NOR,M,GM,,,2334,9,1952
13301993,"Babujian, Levon",ARM,M,GM,,,2332,9,1986
14400049,"Dizdarevic, Emir",CRO,M,GM,,,2331,0,1958
5001668,"Sriram, Jha",IND,M,GM,,,2331,9,1976
400270,"Arkell, Keith C",ENG,M,GM,,,2330,19,1961
6300634,"Haznedaroglu, Kivanc",TUR,M,GM,,,2328,0,1981
11600047,"Lanka, Zigurds",LAT,M,GM,,FST,2327,3,1960
14114224,"Golubka, Petro",UKR,M,GM,,,2326,19,1989
4610776,"Haub, Thorsten Michael",GER,M,GM,,,2326,3,1968
1900021,"Fernandes, Antonio",POR,M,GM,,FT,2326,0,1962
400238,"Plaskett, H James",ENG,M,GM,,,2326,4,1960
12800031,"Malisauskas, Vidmantas",LTU,M,GM,,,2325,0,1963
2900424,"Ninov, Nikolai",BUL,M,GM,,,2324,11,1969
900273,"Vukic, Milan",BIH,M,GM,,,2324,7,1942
14200082,"Barsov, Alexei",UZB,M,GM,,,2323,9,1966
4655060,"Zeitlein, Michael",GER,M,GM,,,2323,0,1947
600172,"Prie, Eric",FRA,M,GM,,FA,2321,9,1962
900095,"Ivanovic, Bozidar",MNE,M,GM,,,2320,11,1946
14200155,"Vahidov, Tair",UZB,M,GM,,,2319,0,1963
10200010,"Murshed, Niaz",BAN,M,GM,,FT,2318,0,1966
409081,"Lalic, Bogdan",CRO,M,GM,,,2317,0,1964
4900332,"Khatanbaatar, Bazar",MGL,M,GM,,,2316,0,1973
4600029,"Hort, Vlastimil",GER,M,GM,,,2315,0,1944
14000237,"Batyrov, Sapar",TKM,M,GM,,,2312,9,1967
5018226,"Karthikeyan, P.",IND,M,GM,,,2312,0,1990
900397,"Drasko, Milan",MNE,M,GM,,,2312,0,1962
3800229,"Munoz, Miguel",PER,M,GM,,,2310,4,1975
100196,"Sorin, Ariel",ARG,M,GM,,,2310,0,1967
4611349,"Paehtz, Thomas",GER,M,GM,,,2309,0,1956
700363,"Fogarasi, Tibor",HUN,M,GM,,,2309,1,1969
404420,"Davies, Nigel R",ENG,M,GM,,FST,2309,9,1960
4103203,"Raetsky, Alexander",FID,M,GM,,FT,2307,0,1961
2000164,"Kudrin, Sergey",USA,M,GM,,,2307,0,1959
14101513,"Zhukova, Natalia",UKR,F,GM,WGM,FT,2306,0,1979
4117301,"Cherniaev, Alexander",ENG,M,GM,,FST,2306,0,1969
1002708,"Jonkman, Harmen",NED,M,GM,,,2306,2,1975
906379,"Pikula, Dejan",SRB,M,GM,,,2305,11,1969
700509,"Varga, Zoltan",HUN,M,GM,,FT,2305,16,1970
101613,"Giaccio, Alfredo",ARG,M,GM,,,2305,4,1970
14500132,"Komljenovic, Davorin",CRO,M,GM,,,2304,4,1944
1119591,"Stopa, Jacek",POL,M,GM,,,2303,33,1987
13504134,"Podolchenko, Evgeniy",BLR,M,GM,,,2302,19,1988
5200156,"Sevillano, Enrico",USA,M,GM,,FT,2302,0,1968
14100312,"Legky, Nikolay A",FRA,M,GM,,,2299,17,1955
3500055,"Vera Gonzalez-Quevedo, Reynaldo",CUB,M,GM,,FST,2299,0,1961
2802341,"Yudasin, Leonid",ISR,M,GM,,,2298,9,1959
4400011,"Zapata, Alonso",COL,M,GM,,,2297,0,1958
1700065,"Ernst, Thomas",SWE,M,GM,,,2297,4,1960
12501000,"Abbasifar, Hasan",ESP,M,GM,,,2295,4,1972
3200035,"Johansen, Darryl K",AUS,M,GM,,,2295,0,1959
300055,"Meduna, Eduard",CZE,M,GM,,,2295,4,1950
5200393,"Villamayor, Buenaventura",SGP,M,GM,,"FT,FA",2293,0,1967
4600320,"Hecht, Hans-Joachim",GER,M,GM,,,2292,0,1939
4200020,"Skembris, Spyridon",GRE,M,GM,,,2292,8,1958
14100088,"Romanishin, Oleg M",UKR,M,GM,,,2291,0,1952
5005361,"Laxman, R.R.",IND,M,GM,,,2291,0,1983
1400100,"Hoi, Carsten",DEN,M,GM,,,2291,11,1957
1101684,"Grabarczyk, Miroslaw",POL,M,GM,,,2288,0,1971
500011,"Yrjola, Jouni",FIN,M,GM,,,2286,9,1959
3502856,"Perez Mitjans, Orelvis",ESP,M,GM,,,2282,15,1976
2803585,"Murey, Jacob",ISR,M,GM,,,2282,0,1941
2801612,"Zilberman, Yaacov",ISR,M,GM,,,2282,1,1954
901318,"Ristic, Nenad",SRB,M,GM,,FT,2282,0,1958
300217,"Lechtynsky, Jiri",CZE,M,GM,,,2282,0,1947
701254,"Seres, Lajos",HUN,M,GM,,,2281,11,1973
900168,"Todorovic, Goran M",SRB,M,GM,,,2280,0,1963
8103178,"Ahmad, Al Khatib",JOR,M,GM,,,2279,0,1995
14900068,"Plachetka, Jan",SVK,M,GM,,,2276,0,1945
900788,"Lazic, Miroljub",SRB,M,GM,,,2275,9,1966
5008980,"Saptarshi, Roy",IND,M,GM,,,2274,0,1986
15000010,"Kutirov, Rolando",MKD,M,GM,,DI,2272,1,1962
14300192,"Solomon, Kenny",RSA,M,GM,,,2272,0,1979
900249,"Cabrilo, Goran",SRB,M,GM,,,2272,0,1958
14900734,"Manik, Mikulas",SVK,M,GM,,,2271,6,1975
2200031,"Bellon Lopez, Juan Manuel",SWE,M,GM,,,2271,0,1950
13501429,"Teterev, Vitaly",BLR,M,GM,,,2266,9,1983
12500313,"Ghane, Shojaat",IRI,M,GM,,,2266,0,1975
901172,"Drazic, Sinisa",SRB,M,GM,,,2266,33,1967
901466,"Kosanovic, Goran A",SRB,M,GM,,FT,2265,0,1962
705268,"Czebe, Attila",HUN,M,GM,,FT,2265,8,1975
14100363,"Pogorelov, Ruslan",ESP,M,GM,,,2261,4,1959
13603450,"Lomsadze, Davit",GEO,M,GM,,,2259,0,1991
2000180,"Tarjan, James",USA,M,GM,,,2259,0,1952
300047,"Blatny, Pavel",CZE,M,GM,,,2259,3,1968
13900544,"Khruschiov, Alexey",MDA,M,GM,,,2257,0,1982
300128,"Jansa, Vlastimil",CZE,M,GM,,,2255,11,1942
14102340,"Mikhaletz, Lubomir",UKR,M,GM,,,2254,0,1974
14101289,"Okhotnik, Vladimir",FRA,M,GM,,,2254,2,1950
14000091,"Odeev, Handszar",TKM,M,GM,,,2253,0,1972
13600168,"Arakhamia-Grant, Ketevan",SCO,F,GM,WGM,,2253,0,1968
4600177,"Gutman, Lev",GER,M,GM,,,2252,12,1945
900346,"Ilincic, Zlatko",SRB,M,GM,,,2251,0,1968
2000172,"Rohde, Michael",USA,M,GM,,,2246,8,1959
1000098,"Ree, Hans",NED,M,GM,,,2246,1,1944
4114906,"Ivanov, Mikhail M",SRB,M,GM,,,2240,0,1969
900265,"Rajkovic, Dusan",SRB,M,GM,,FT,2239,0,1942
13303139,"Baghdasaryan, Vahe",ARM,M,GM,,,2237,0,1993
600229,"Belkhodja, Slim",TUN,M,GM,,,2237,2,1962
900133,"Djuric, Stefan",SRB,M,GM,,,2236,13,1955
4113632,"Yagupov, Igor",RUS,M,GM,,,2230,0,1965
4611292,"Vogt, Lothar",GER,M,GM,,,2229,0,1952
4101219,"Tunik, Gennady",RUS,M,GM,,,2224,0,1953
5002974,"Roy Chowdhury, Saptarshi",IND,M,GM,,,2223,0,1982
13400231,"Guliev, Sarhan",AZE,M,GM,,,2221,0,1968
500020,"Westerinen, Heikki M.J.",FIN,M,GM,,,2211,10,1944
4103009,"Vorotnikov, Vladislav V",RUS,M,GM,,,2206,0,1947
2000555,"Kaufman, Lawrence",USA,M,GM,,,2200,0,1947
901482,"Kostic, Vladimir G",SRB,M,GM,,,2194,0,1953
13600125,"Gaprindashvili, Nona",GEO,F,GM,WGM,,2193,0,1941
4100590,"Fominyh, Alexander",RUS,M,GM,,,2167,0,1959
2900165,"Popchev, Milko",BUL,M,GM,,,2157,28,1964
4104307,"Vul, Arkadi Eremeevich",RUS,M,GM,,,2146,0,1953
4117131,"Pushkov, Nikolai",RUS,M,GM,,,2119,0,1946
2015323,"Ziatdinov, Raset",USA,M,GM,,,2041,0,1958
14000016,"Annageldyev, Orazly",TKM,M,GM,,,2025,0,1960
